image_id,label
200607.jpg,brown_spot
202733.jpg,brown_spot
200207.jpg,brown_spot
203024.jpg,brown_spot
203056.jpg,brown_spot
202751.jpg,brown_spot
201191.jpg,brown_spot
200912.jpg,brown_spot
200067.jpg,brown_spot
201689.jpg,brown_spot
202377.jpg,brown_spot
202356.jpg,brown_spot
201928.jpg,brown_spot
200558.jpg,brown_spot
201017.jpg,brown_spot
203010.jpg,brown_spot
201358.jpg,brown_spot
202683.jpg,brown_spot
202920.jpg,brown_spot
202768.jpg,brown_spot
202234.jpg,brown_spot
201716.jpg,brown_spot
202400.jpg,brown_spot
200881.jpg,brown_spot
203327.jpg,brown_spot
202835.jpg,brown_spot
202780.jpg,brown_spot
200784.jpg,brown_spot
201680.jpg,brown_spot
202677.jpg,brown_spot
203277.jpg,brown_spot
202093.jpg,brown_spot
201534.jpg,brown_spot
200644.jpg,brown_spot
202278.jpg,brown_spot
202673.jpg,brown_spot
200723.jpg,brown_spot
203382.jpg,brown_spot
201964.jpg,brown_spot
201712.jpg,brown_spot
201190.jpg,brown_spot
200157.jpg,brown_spot
203275.jpg,brown_spot
200308.jpg,brown_spot
202051.jpg,brown_spot
202027.jpg,brown_spot
202588.jpg,brown_spot
200847.jpg,brown_spot
200935.jpg,brown_spot
202472.jpg,brown_spot
202399.jpg,brown_spot
203060.jpg,brown_spot
202061.jpg,brown_spot
203193.jpg,brown_spot
202767.jpg,brown_spot
202693.jpg,brown_spot
202660.jpg,brown_spot
200318.jpg,brown_spot
202299.jpg,brown_spot
202287.jpg,brown_spot
200614.jpg,brown_spot
203198.jpg,brown_spot
203022.jpg,brown_spot
200495.jpg,brown_spot
202890.jpg,brown_spot
203423.jpg,brown_spot
200108.jpg,brown_spot
202344.jpg,brown_spot
200958.jpg,brown_spot
203092.jpg,brown_spot
202053.jpg,brown_spot
201696.jpg,brown_spot
200878.jpg,brown_spot
201750.jpg,brown_spot
202041.jpg,brown_spot
201195.jpg,brown_spot
202716.jpg,brown_spot
202149.jpg,brown_spot
202175.jpg,brown_spot
201774.jpg,brown_spot
200249.jpg,brown_spot
201793.jpg,brown_spot
202781.jpg,brown_spot
203003.jpg,brown_spot
200602.jpg,brown_spot
203426.jpg,brown_spot
201529.jpg,brown_spot
200968.jpg,brown_spot
200997.jpg,brown_spot
202221.jpg,brown_spot
201097.jpg,brown_spot
201050.jpg,brown_spot
202350.jpg,brown_spot
203160.jpg,brown_spot
201628.jpg,brown_spot
200405.jpg,brown_spot
200822.jpg,brown_spot
201101.jpg,brown_spot
202367.jpg,brown_spot
203006.jpg,brown_spot
202670.jpg,brown_spot
202771.jpg,brown_spot
201242.jpg,brown_spot
201014.jpg,brown_spot
202162.jpg,brown_spot
200908.jpg,brown_spot
200791.jpg,brown_spot
202808.jpg,brown_spot
200048.jpg,brown_spot
201613.jpg,brown_spot
201601.jpg,brown_spot
201388.jpg,brown_spot
203282.jpg,brown_spot
201808.jpg,brown_spot
201892.jpg,brown_spot
200972.jpg,brown_spot
200833.jpg,brown_spot
201412.jpg,brown_spot
201942.jpg,brown_spot
200258.jpg,brown_spot
200369.jpg,brown_spot
200845.jpg,brown_spot
201108.jpg,brown_spot
200403.jpg,brown_spot
201666.jpg,brown_spot
203170.jpg,brown_spot
200890.jpg,brown_spot
203317.jpg,brown_spot
203183.jpg,brown_spot
203203.jpg,brown_spot
202499.jpg,brown_spot
202411.jpg,brown_spot
202155.jpg,brown_spot
200055.jpg,brown_spot
200852.jpg,brown_spot
200940.jpg,brown_spot
201319.jpg,brown_spot
203328.jpg,brown_spot
200756.jpg,brown_spot
200402.jpg,brown_spot
203205.jpg,brown_spot
202866.jpg,brown_spot
202987.jpg,brown_spot
202512.jpg,brown_spot
202849.jpg,brown_spot
200579.jpg,brown_spot
200865.jpg,brown_spot
202389.jpg,brown_spot
201965.jpg,brown_spot
200719.jpg,brown_spot
202230.jpg,brown_spot
202342.jpg,brown_spot
202617.jpg,brown_spot
200662.jpg,brown_spot
201113.jpg,brown_spot
201444.jpg,brown_spot
201946.jpg,brown_spot
201797.jpg,brown_spot
202002.jpg,brown_spot
200793.jpg,brown_spot
202988.jpg,brown_spot
201885.jpg,brown_spot
201838.jpg,brown_spot
201413.jpg,brown_spot
202549.jpg,brown_spot
202300.jpg,brown_spot
203309.jpg,brown_spot
201992.jpg,brown_spot
202349.jpg,brown_spot
201486.jpg,brown_spot
202816.jpg,brown_spot
200309.jpg,brown_spot
202869.jpg,brown_spot
202679.jpg,brown_spot
201576.jpg,brown_spot
202779.jpg,brown_spot
201748.jpg,brown_spot
203115.jpg,brown_spot
200618.jpg,brown_spot
200063.jpg,brown_spot
202663.jpg,brown_spot
200363.jpg,brown_spot
201153.jpg,brown_spot
202071.jpg,brown_spot
202586.jpg,brown_spot
202479.jpg,brown_spot
202196.jpg,brown_spot
201138.jpg,brown_spot
201889.jpg,brown_spot
202707.jpg,brown_spot
201149.jpg,brown_spot
202248.jpg,brown_spot
200893.jpg,brown_spot
202324.jpg,brown_spot
200459.jpg,brown_spot
201568.jpg,brown_spot
201913.jpg,brown_spot
200951.jpg,brown_spot
201472.jpg,brown_spot
200590.jpg,brown_spot
200368.jpg,brown_spot
201481.jpg,brown_spot
201321.jpg,brown_spot
201830.jpg,brown_spot
201447.jpg,brown_spot
201995.jpg,brown_spot
200693.jpg,brown_spot
203220.jpg,brown_spot
203073.jpg,brown_spot
202092.jpg,brown_spot
200729.jpg,brown_spot
202844.jpg,brown_spot
200030.jpg,brown_spot
201520.jpg,brown_spot
200317.jpg,brown_spot
202963.jpg,brown_spot
201972.jpg,brown_spot
201197.jpg,brown_spot
200095.jpg,brown_spot
201056.jpg,brown_spot
203181.jpg,brown_spot
200421.jpg,brown_spot
200848.jpg,brown_spot
201722.jpg,brown_spot
201139.jpg,brown_spot
203058.jpg,brown_spot
202829.jpg,brown_spot
203163.jpg,brown_spot
203427.jpg,brown_spot
200452.jpg,brown_spot
202956.jpg,brown_spot
201691.jpg,brown_spot
200206.jpg,brown_spot
203268.jpg,brown_spot
203267.jpg,brown_spot
201776.jpg,brown_spot
201861.jpg,brown_spot
200261.jpg,brown_spot
201783.jpg,brown_spot
200298.jpg,brown_spot
202833.jpg,brown_spot
202340.jpg,brown_spot
201826.jpg,brown_spot
202173.jpg,brown_spot
201563.jpg,brown_spot
203179.jpg,brown_spot
202250.jpg,brown_spot
201872.jpg,brown_spot
202540.jpg,brown_spot
200983.jpg,brown_spot
201136.jpg,brown_spot
200136.jpg,brown_spot
201077.jpg,brown_spot
201150.jpg,brown_spot
202021.jpg,brown_spot
201468.jpg,brown_spot
201877.jpg,brown_spot
203174.jpg,brown_spot
202145.jpg,brown_spot
201632.jpg,brown_spot
203386.jpg,brown_spot
202613.jpg,brown_spot
202015.jpg,brown_spot
200557.jpg,brown_spot
201121.jpg,brown_spot
200919.jpg,brown_spot
201619.jpg,brown_spot
203098.jpg,brown_spot
203392.jpg,brown_spot
202456.jpg,brown_spot
203385.jpg,brown_spot
202378.jpg,brown_spot
201026.jpg,brown_spot
203308.jpg,brown_spot
202062.jpg,brown_spot
202032.jpg,brown_spot
200411.jpg,brown_spot
200629.jpg,brown_spot
200711.jpg,brown_spot
200143.jpg,brown_spot
201733.jpg,brown_spot
202501.jpg,brown_spot
201552.jpg,brown_spot
200180.jpg,brown_spot
200003.jpg,brown_spot
200806.jpg,brown_spot
200917.jpg,brown_spot
203230.jpg,brown_spot
203188.jpg,brown_spot
200866.jpg,brown_spot
202633.jpg,brown_spot
203180.jpg,brown_spot
201433.jpg,brown_spot
203184.jpg,brown_spot
202969.jpg,brown_spot
200576.jpg,brown_spot
200254.jpg,brown_spot
203153.jpg,brown_spot
201663.jpg,brown_spot
201770.jpg,brown_spot
202475.jpg,brown_spot
201329.jpg,brown_spot
202422.jpg,brown_spot
201789.jpg,brown_spot
200217.jpg,brown_spot
200433.jpg,brown_spot
201317.jpg,brown_spot
203007.jpg,brown_spot
203417.jpg,brown_spot
200753.jpg,brown_spot
203365.jpg,brown_spot
200941.jpg,brown_spot
202685.jpg,brown_spot
201040.jpg,brown_spot
200911.jpg,brown_spot
202079.jpg,brown_spot
202462.jpg,brown_spot
203406.jpg,brown_spot
202708.jpg,brown_spot
201263.jpg,brown_spot
201245.jpg,brown_spot
200613.jpg,brown_spot
202802.jpg,brown_spot
203434.jpg,brown_spot
202947.jpg,brown_spot
201973.jpg,brown_spot
201199.jpg,brown_spot
202415.jpg,brown_spot
202897.jpg,brown_spot
203351.jpg,brown_spot
203437.jpg,brown_spot
200196.jpg,brown_spot
201328.jpg,brown_spot
200473.jpg,brown_spot
202370.jpg,brown_spot
201342.jpg,brown_spot
201603.jpg,brown_spot
200045.jpg,brown_spot
201251.jpg,brown_spot
201507.jpg,brown_spot
203414.jpg,brown_spot
200687.jpg,brown_spot
202355.jpg,brown_spot
202037.jpg,brown_spot
202786.jpg,brown_spot
202371.jpg,brown_spot
203356.jpg,brown_spot
201700.jpg,brown_spot
202113.jpg,brown_spot
200122.jpg,brown_spot
203131.jpg,brown_spot
202756.jpg,brown_spot
201224.jpg,brown_spot
202803.jpg,brown_spot
200335.jpg,brown_spot
200770.jpg,brown_spot
202346.jpg,brown_spot
201344.jpg,brown_spot
200243.jpg,brown_spot
201527.jpg,brown_spot
202577.jpg,brown_spot
200072.jpg,brown_spot
202244.jpg,brown_spot
202335.jpg,brown_spot
200343.jpg,brown_spot
201509.jpg,brown_spot
203431.jpg,brown_spot
202165.jpg,brown_spot
200192.jpg,brown_spot
203120.jpg,brown_spot
201435.jpg,brown_spot
202778.jpg,brown_spot
202917.jpg,brown_spot
202763.jpg,brown_spot
202118.jpg,brown_spot
201081.jpg,brown_spot
200611.jpg,brown_spot
201804.jpg,brown_spot
200764.jpg,brown_spot
201443.jpg,brown_spot
202478.jpg,brown_spot
200470.jpg,brown_spot
200221.jpg,brown_spot
200540.jpg,brown_spot
200928.jpg,brown_spot
202033.jpg,brown_spot
203278.jpg,brown_spot
203052.jpg,brown_spot
203048.jpg,brown_spot
200251.jpg,brown_spot
201459.jpg,brown_spot
200071.jpg,brown_spot
202520.jpg,brown_spot
201947.jpg,brown_spot
202807.jpg,brown_spot
201673.jpg,brown_spot
201574.jpg,brown_spot
202603.jpg,brown_spot
203245.jpg,brown_spot
200548.jpg,brown_spot
201533.jpg,brown_spot
202019.jpg,brown_spot
202714.jpg,brown_spot
201221.jpg,brown_spot
202764.jpg,brown_spot
203452.jpg,brown_spot
202077.jpg,brown_spot
201854.jpg,brown_spot
202702.jpg,brown_spot
200562.jpg,brown_spot
200475.jpg,brown_spot
203216.jpg,brown_spot
200761.jpg,brown_spot
202388.jpg,brown_spot
202078.jpg,brown_spot
202316.jpg,brown_spot
201644.jpg,brown_spot
201382.jpg,brown_spot
200259.jpg,brown_spot
202333.jpg,brown_spot
200954.jpg,brown_spot
201131.jpg,brown_spot
203400.jpg,brown_spot
203291.jpg,brown_spot
203194.jpg,brown_spot
202420.jpg,brown_spot
200230.jpg,brown_spot
201155.jpg,brown_spot
202036.jpg,brown_spot
202245.jpg,brown_spot
203026.jpg,brown_spot
202404.jpg,brown_spot
201567.jpg,brown_spot
202684.jpg,brown_spot
202855.jpg,brown_spot
201274.jpg,brown_spot
202109.jpg,brown_spot
201062.jpg,brown_spot
202461.jpg,brown_spot
203015.jpg,brown_spot
200937.jpg,brown_spot
201858.jpg,brown_spot
201064.jpg,brown_spot
203186.jpg,brown_spot
200539.jpg,brown_spot
203425.jpg,brown_spot
200107.jpg,brown_spot
203273.jpg,brown_spot
201485.jpg,brown_spot
200632.jpg,brown_spot
203450.jpg,brown_spot
202040.jpg,brown_spot
200817.jpg,brown_spot
201145.jpg,brown_spot
201141.jpg,brown_spot
202612.jpg,brown_spot
200486.jpg,brown_spot
202491.jpg,brown_spot
203363.jpg,brown_spot
200712.jpg,brown_spot
200415.jpg,brown_spot
201158.jpg,brown_spot
201058.jpg,brown_spot
200831.jpg,brown_spot
201585.jpg,brown_spot
201236.jpg,brown_spot
200271.jpg,brown_spot
200578.jpg,brown_spot
200082.jpg,brown_spot
201392.jpg,brown_spot
202137.jpg,brown_spot
201883.jpg,brown_spot
201559.jpg,brown_spot
201243.jpg,brown_spot
203087.jpg,brown_spot
202284.jpg,brown_spot
202105.jpg,brown_spot
202848.jpg,brown_spot
201266.jpg,brown_spot
200725.jpg,brown_spot
202743.jpg,brown_spot
202968.jpg,brown_spot
200041.jpg,brown_spot
203157.jpg,brown_spot
203122.jpg,brown_spot
200522.jpg,brown_spot
201706.jpg,brown_spot
201646.jpg,brown_spot
201762.jpg,brown_spot
202088.jpg,brown_spot
200961.jpg,brown_spot
201205.jpg,brown_spot
203324.jpg,brown_spot
201041.jpg,brown_spot
202583.jpg,brown_spot
200483.jpg,brown_spot
200370.jpg,brown_spot
201496.jpg,brown_spot
202075.jpg,brown_spot
200795.jpg,brown_spot
201979.jpg,brown_spot
200149.jpg,brown_spot
200008.jpg,brown_spot
200161.jpg,brown_spot
202080.jpg,brown_spot
200998.jpg,brown_spot
203449.jpg,brown_spot
200457.jpg,brown_spot
200859.jpg,brown_spot
202362.jpg,brown_spot
200574.jpg,brown_spot
201105.jpg,brown_spot
201315.jpg,brown_spot
200150.jpg,brown_spot
201129.jpg,brown_spot
202106.jpg,brown_spot
201519.jpg,brown_spot
200667.jpg,brown_spot
202712.jpg,brown_spot
203323.jpg,brown_spot
200710.jpg,brown_spot
201759.jpg,brown_spot
202450.jpg,brown_spot
202146.jpg,brown_spot
203055.jpg,brown_spot
202296.jpg,brown_spot
201821.jpg,brown_spot
201374.jpg,brown_spot
201250.jpg,brown_spot
200681.jpg,brown_spot
202171.jpg,brown_spot
202006.jpg,brown_spot
202361.jpg,brown_spot
200447.jpg,brown_spot
203225.jpg,brown_spot
201059.jpg,brown_spot
201697.jpg,brown_spot
200007.jpg,brown_spot
201296.jpg,brown_spot
202709.jpg,brown_spot
202896.jpg,brown_spot
200745.jpg,brown_spot
200838.jpg,brown_spot
202903.jpg,brown_spot
202591.jpg,brown_spot
201112.jpg,brown_spot
200326.jpg,brown_spot
200638.jpg,brown_spot
200134.jpg,brown_spot
200129.jpg,brown_spot
201555.jpg,brown_spot
202028.jpg,brown_spot
203393.jpg,brown_spot
203229.jpg,brown_spot
200599.jpg,brown_spot
203339.jpg,brown_spot
203448.jpg,brown_spot
203212.jpg,brown_spot
202960.jpg,brown_spot
202022.jpg,brown_spot
200124.jpg,brown_spot
201494.jpg,brown_spot
202824.jpg,brown_spot
200506.jpg,brown_spot
202210.jpg,brown_spot
202073.jpg,brown_spot
201828.jpg,brown_spot
200651.jpg,brown_spot
200049.jpg,brown_spot
200535.jpg,brown_spot
200092.jpg,brown_spot
200468.jpg,brown_spot
200294.jpg,brown_spot
202530.jpg,brown_spot
200386.jpg,brown_spot
201597.jpg,brown_spot
202237.jpg,brown_spot
200544.jpg,brown_spot
202531.jpg,brown_spot
202164.jpg,brown_spot
201000.jpg,brown_spot
201887.jpg,brown_spot
201479.jpg,brown_spot
200856.jpg,brown_spot
200414.jpg,brown_spot
201368.jpg,brown_spot
200689.jpg,brown_spot
201356.jpg,brown_spot
202831.jpg,brown_spot
201264.jpg,brown_spot
201927.jpg,brown_spot
201784.jpg,brown_spot
201929.jpg,brown_spot
200087.jpg,brown_spot
202880.jpg,brown_spot
201846.jpg,brown_spot
201453.jpg,brown_spot
200875.jpg,brown_spot
201676.jpg,brown_spot
202728.jpg,brown_spot
202482.jpg,brown_spot
201650.jpg,brown_spot
200748.jpg,brown_spot
203093.jpg,brown_spot
201528.jpg,brown_spot
202180.jpg,brown_spot
203461.jpg,brown_spot
201758.jpg,brown_spot
200947.jpg,brown_spot
201805.jpg,brown_spot
202794.jpg,brown_spot
202925.jpg,brown_spot
201503.jpg,brown_spot
202592.jpg,brown_spot
203295.jpg,brown_spot
201806.jpg,brown_spot
201615.jpg,brown_spot
202904.jpg,brown_spot
202745.jpg,brown_spot
201036.jpg,brown_spot
201679.jpg,brown_spot
202241.jpg,brown_spot
201465.jpg,brown_spot
200068.jpg,brown_spot
201757.jpg,brown_spot
203085.jpg,brown_spot
202528.jpg,brown_spot
202050.jpg,brown_spot
201275.jpg,brown_spot
203125.jpg,brown_spot
202610.jpg,brown_spot
200202.jpg,brown_spot
200737.jpg,brown_spot
201372.jpg,brown_spot
202136.jpg,brown_spot
200053.jpg,brown_spot
202151.jpg,brown_spot
200075.jpg,brown_spot
201318.jpg,brown_spot
201241.jpg,brown_spot
200601.jpg,brown_spot
203201.jpg,brown_spot
202366.jpg,brown_spot
200598.jpg,brown_spot
200365.jpg,brown_spot
201717.jpg,brown_spot
201558.jpg,brown_spot
202852.jpg,brown_spot
202161.jpg,brown_spot
200154.jpg,brown_spot
202706.jpg,brown_spot
202668.jpg,brown_spot
202551.jpg,brown_spot
202381.jpg,brown_spot
203388.jpg,brown_spot
202492.jpg,brown_spot
202490.jpg,brown_spot
202525.jpg,brown_spot
200641.jpg,brown_spot
202607.jpg,brown_spot
200517.jpg,brown_spot
203368.jpg,brown_spot
202091.jpg,brown_spot
200546.jpg,brown_spot
202331.jpg,brown_spot
201033.jpg,brown_spot
202942.jpg,brown_spot
201104.jpg,brown_spot
200485.jpg,brown_spot
202758.jpg,brown_spot
201246.jpg,brown_spot
200109.jpg,brown_spot
201080.jpg,brown_spot
200014.jpg,brown_spot
201943.jpg,brown_spot
202249.jpg,brown_spot
201847.jpg,brown_spot
202929.jpg,brown_spot
201572.jpg,brown_spot
202889.jpg,brown_spot
202526.jpg,brown_spot
201996.jpg,brown_spot
203070.jpg,brown_spot
200278.jpg,brown_spot
200445.jpg,brown_spot
203255.jpg,brown_spot
202417.jpg,brown_spot
202647.jpg,brown_spot
202441.jpg,brown_spot
203054.jpg,brown_spot
200511.jpg,brown_spot
202623.jpg,brown_spot
200323.jpg,brown_spot
201339.jpg,brown_spot
201394.jpg,brown_spot
200672.jpg,brown_spot
202539.jpg,brown_spot
202224.jpg,brown_spot
203352.jpg,brown_spot
201239.jpg,brown_spot
203101.jpg,brown_spot
203067.jpg,brown_spot
200264.jpg,brown_spot
200349.jpg,brown_spot
200200.jpg,brown_spot
200582.jpg,brown_spot
202952.jpg,brown_spot
202304.jpg,brown_spot
201137.jpg,brown_spot
200376.jpg,brown_spot
201055.jpg,brown_spot
200362.jpg,brown_spot
202773.jpg,brown_spot
202364.jpg,brown_spot
203310.jpg,brown_spot
201489.jpg,brown_spot
202282.jpg,brown_spot
201094.jpg,brown_spot
202297.jpg,brown_spot
202911.jpg,brown_spot
200419.jpg,brown_spot
200377.jpg,brown_spot
201957.jpg,brown_spot
200863.jpg,brown_spot
202294.jpg,brown_spot
201203.jpg,brown_spot
201008.jpg,brown_spot
200820.jpg,brown_spot
203042.jpg,brown_spot
201216.jpg,brown_spot
203228.jpg,brown_spot
200220.jpg,brown_spot
202215.jpg,brown_spot
200201.jpg,brown_spot
202217.jpg,brown_spot
200293.jpg,brown_spot
201863.jpg,brown_spot
203421.jpg,brown_spot
203116.jpg,brown_spot
203045.jpg,brown_spot
201262.jpg,brown_spot
200276.jpg,brown_spot
202599.jpg,brown_spot
200213.jpg,brown_spot
203043.jpg,brown_spot
202124.jpg,brown_spot
200837.jpg,brown_spot
201397.jpg,brown_spot
200284.jpg,brown_spot
202169.jpg,brown_spot
202688.jpg,brown_spot
200744.jpg,brown_spot
200482.jpg,brown_spot
202235.jpg,brown_spot
201978.jpg,brown_spot
201682.jpg,brown_spot
201126.jpg,brown_spot
202403.jpg,brown_spot
203262.jpg,brown_spot
203167.jpg,brown_spot
202047.jpg,brown_spot
201850.jpg,brown_spot
201881.jpg,brown_spot
201066.jpg,brown_spot
202069.jpg,brown_spot
200708.jpg,brown_spot
201961.jpg,brown_spot
200999.jpg,brown_spot
201652.jpg,brown_spot
200477.jpg,brown_spot
202711.jpg,brown_spot
200191.jpg,brown_spot
201580.jpg,brown_spot
202096.jpg,brown_spot
202153.jpg,brown_spot
202828.jpg,brown_spot
200172.jpg,brown_spot
201403.jpg,brown_spot
202933.jpg,brown_spot
202076.jpg,brown_spot
203005.jpg,brown_spot
203261.jpg,brown_spot
200164.jpg,brown_spot
201330.jpg,brown_spot
202132.jpg,brown_spot
200176.jpg,brown_spot
200575.jpg,brown_spot
201918.jpg,brown_spot
203158.jpg,brown_spot
201096.jpg,brown_spot
201171.jpg,brown_spot
200425.jpg,brown_spot
200083.jpg,brown_spot
203443.jpg,brown_spot
200381.jpg,brown_spot
201067.jpg,brown_spot
202738.jpg,brown_spot
202924.jpg,brown_spot
201967.jpg,brown_spot
201226.jpg,brown_spot
202981.jpg,brown_spot
202609.jpg,brown_spot
200904.jpg,brown_spot
200147.jpg,brown_spot
200525.jpg,brown_spot
201790.jpg,brown_spot
200456.jpg,brown_spot
200291.jpg,brown_spot
201670.jpg,brown_spot
202393.jpg,brown_spot
200039.jpg,brown_spot
201047.jpg,brown_spot
202964.jpg,brown_spot
202597.jpg,brown_spot
202859.jpg,brown_spot
200069.jpg,brown_spot
201800.jpg,brown_spot
203084.jpg,brown_spot
200305.jpg,brown_spot
200885.jpg,brown_spot
203037.jpg,brown_spot
201857.jpg,brown_spot
202194.jpg,brown_spot
200758.jpg,brown_spot
201903.jpg,brown_spot
203175.jpg,brown_spot
201960.jpg,brown_spot
201449.jpg,brown_spot
201213.jpg,brown_spot
201941.jpg,brown_spot
201287.jpg,brown_spot
200518.jpg,brown_spot
201132.jpg,brown_spot
202578.jpg,brown_spot
203202.jpg,brown_spot
201578.jpg,brown_spot
201225.jpg,brown_spot
201373.jpg,brown_spot
201045.jpg,brown_spot
202905.jpg,brown_spot
202858.jpg,brown_spot
203208.jpg,brown_spot
201594.jpg,brown_spot
202789.jpg,brown_spot
200341.jpg,brown_spot
202310.jpg,brown_spot
200720.jpg,brown_spot
201313.jpg,brown_spot
201831.jpg,brown_spot
203407.jpg,brown_spot
202865.jpg,brown_spot
200010.jpg,brown_spot
201466.jpg,brown_spot
202293.jpg,brown_spot
202792.jpg,brown_spot
202642.jpg,brown_spot
200715.jpg,brown_spot
200594.jpg,brown_spot
201616.jpg,brown_spot
202311.jpg,brown_spot
201773.jpg,brown_spot
201604.jpg,brown_spot
202939.jpg,brown_spot
201860.jpg,brown_spot
203223.jpg,brown_spot
202186.jpg,brown_spot
202809.jpg,brown_spot
201140.jpg,brown_spot
202117.jpg,brown_spot
201566.jpg,brown_spot
201270.jpg,brown_spot
201258.jpg,brown_spot
200874.jpg,brown_spot
203318.jpg,brown_spot
200965.jpg,brown_spot
202622.jpg,brown_spot
202732.jpg,brown_spot
200587.jpg,brown_spot
201729.jpg,brown_spot
202354.jpg,brown_spot
203353.jpg,brown_spot
200877.jpg,brown_spot
201332.jpg,brown_spot
201727.jpg,brown_spot
203288.jpg,brown_spot
201614.jpg,brown_spot
201561.jpg,brown_spot
202930.jpg,brown_spot
201724.jpg,brown_spot
201893.jpg,brown_spot
201836.jpg,brown_spot
203252.jpg,brown_spot
202044.jpg,brown_spot
203341.jpg,brown_spot
200400.jpg,brown_spot
200029.jpg,brown_spot
201932.jpg,brown_spot
200978.jpg,brown_spot
201731.jpg,brown_spot
202881.jpg,brown_spot
201571.jpg,brown_spot
202477.jpg,brown_spot
201810.jpg,brown_spot
202279.jpg,brown_spot
200886.jpg,brown_spot
203196.jpg,brown_spot
200552.jpg,brown_spot
201424.jpg,brown_spot
203145.jpg,brown_spot
201935.jpg,brown_spot
200787.jpg,brown_spot
201919.jpg,brown_spot
203189.jpg,brown_spot
200438.jpg,brown_spot
201292.jpg,brown_spot
201975.jpg,brown_spot
201419.jpg,brown_spot
203412.jpg,brown_spot
201393.jpg,brown_spot
200231.jpg,brown_spot
201542.jpg,brown_spot
200561.jpg,brown_spot
201089.jpg,brown_spot
203263.jpg,brown_spot
200118.jpg,brown_spot
200867.jpg,brown_spot
202694.jpg,brown_spot
203457.jpg,brown_spot
201146.jpg,brown_spot
203090.jpg,brown_spot
200390.jpg,brown_spot
202573.jpg,brown_spot
200339.jpg,brown_spot
202261.jpg,brown_spot
201310.jpg,brown_spot
201175.jpg,brown_spot
202999.jpg,brown_spot
200158.jpg,brown_spot
201760.jpg,brown_spot
203301.jpg,brown_spot
203296.jpg,brown_spot
201813.jpg,brown_spot
200706.jpg,brown_spot
200526.jpg,brown_spot
201423.jpg,brown_spot
202892.jpg,brown_spot
202064.jpg,brown_spot
203211.jpg,brown_spot
202873.jpg,brown_spot
202039.jpg,brown_spot
200573.jpg,brown_spot
202440.jpg,brown_spot
201007.jpg,brown_spot
200956.jpg,brown_spot
202178.jpg,brown_spot
200508.jpg,brown_spot
202655.jpg,brown_spot
202159.jpg,brown_spot
201781.jpg,brown_spot
200170.jpg,brown_spot
202806.jpg,brown_spot
200906.jpg,brown_spot
200474.jpg,brown_spot
200396.jpg,brown_spot
201092.jpg,brown_spot
200300.jpg,brown_spot
202204.jpg,brown_spot
200037.jpg,brown_spot
200212.jpg,brown_spot
201231.jpg,brown_spot
203410.jpg,brown_spot
201905.jpg,brown_spot
201726.jpg,brown_spot
202198.jpg,brown_spot
202471.jpg,brown_spot
201198.jpg,brown_spot
202843.jpg,brown_spot
202832.jpg,brown_spot
203112.jpg,brown_spot
202264.jpg,brown_spot
203458.jpg,brown_spot
202488.jpg,brown_spot
200754.jpg,brown_spot
201745.jpg,brown_spot
202628.jpg,brown_spot
202983.jpg,brown_spot
201490.jpg,brown_spot
202313.jpg,brown_spot
202338.jpg,brown_spot
203292.jpg,brown_spot
201799.jpg,brown_spot
200732.jpg,brown_spot
202373.jpg,brown_spot
200275.jpg,brown_spot
202503.jpg,brown_spot
200931.jpg,brown_spot
200208.jpg,brown_spot
200943.jpg,brown_spot
201556.jpg,brown_spot
201084.jpg,brown_spot
201288.jpg,brown_spot
202569.jpg,brown_spot
201331.jpg,brown_spot
201746.jpg,brown_spot
200746.jpg,brown_spot
202087.jpg,brown_spot
201483.jpg,brown_spot
201902.jpg,brown_spot
201675.jpg,brown_spot
200033.jpg,brown_spot
201590.jpg,brown_spot
201658.jpg,brown_spot
202774.jpg,brown_spot
201595.jpg,brown_spot
202431.jpg,brown_spot
200800.jpg,brown_spot
200100.jpg,brown_spot
200489.jpg,brown_spot
200321.jpg,brown_spot
202466.jpg,brown_spot
202337.jpg,brown_spot
200876.jpg,brown_spot
202621.jpg,brown_spot
201256.jpg,brown_spot
201302.jpg,brown_spot
202321.jpg,brown_spot
200929.jpg,brown_spot
200443.jpg,brown_spot
201570.jpg,brown_spot
200986.jpg,brown_spot
200359.jpg,brown_spot
203349.jpg,brown_spot
202847.jpg,brown_spot
201144.jpg,brown_spot
201515.jpg,brown_spot
201859.jpg,brown_spot
201079.jpg,brown_spot
200879.jpg,brown_spot
202985.jpg,brown_spot
200382.jpg,brown_spot
203453.jpg,brown_spot
203276.jpg,brown_spot
200210.jpg,brown_spot
200652.jpg,brown_spot
200151.jpg,brown_spot
201335.jpg,brown_spot
200564.jpg,brown_spot
202932.jpg,brown_spot
200270.jpg,brown_spot
200282.jpg,brown_spot
200775.jpg,brown_spot
202946.jpg,brown_spot
202775.jpg,brown_spot
201636.jpg,brown_spot
202473.jpg,brown_spot
200388.jpg,brown_spot
200038.jpg,brown_spot
201756.jpg,brown_spot
203271.jpg,brown_spot
203136.jpg,brown_spot
201695.jpg,brown_spot
201688.jpg,brown_spot
202232.jpg,brown_spot
202854.jpg,brown_spot
200924.jpg,brown_spot
200959.jpg,brown_spot
200626.jpg,brown_spot
201730.jpg,brown_spot
203176.jpg,brown_spot
201560.jpg,brown_spot
200232.jpg,brown_spot
200679.jpg,brown_spot
200162.jpg,brown_spot
200727.jpg,brown_spot
202898.jpg,brown_spot
202380.jpg,brown_spot
201896.jpg,brown_spot
200016.jpg,brown_spot
203053.jpg,brown_spot
200650.jpg,brown_spot
203454.jpg,brown_spot
202762.jpg,brown_spot
202726.jpg,brown_spot
201888.jpg,brown_spot
202970.jpg,brown_spot
203078.jpg,brown_spot
202334.jpg,brown_spot
201924.jpg,brown_spot
203172.jpg,brown_spot
202317.jpg,brown_spot
200021.jpg,brown_spot
202131.jpg,brown_spot
202376.jpg,brown_spot
201664.jpg,brown_spot
202850.jpg,brown_spot
202358.jpg,brown_spot
203338.jpg,brown_spot
202871.jpg,brown_spot
201662.jpg,brown_spot
201768.jpg,brown_spot
201911.jpg,brown_spot
202285.jpg,brown_spot
200825.jpg,brown_spot
203127.jpg,brown_spot
202111.jpg,brown_spot
202840.jpg,brown_spot
200226.jpg,brown_spot
202697.jpg,brown_spot
200823.jpg,brown_spot
200605.jpg,brown_spot
202993.jpg,brown_spot
202239.jpg,brown_spot
201713.jpg,brown_spot
200434.jpg,brown_spot
203089.jpg,brown_spot
202509.jpg,brown_spot
200734.jpg,brown_spot
201463.jpg,brown_spot
201135.jpg,brown_spot
201085.jpg,brown_spot
200256.jpg,brown_spot
200721.jpg,brown_spot
201987.jpg,brown_spot
200338.jpg,brown_spot
202055.jpg,brown_spot
203150.jpg,brown_spot
200597.jpg,brown_spot
202546.jpg,brown_spot
201130.jpg,brown_spot
203231.jpg,brown_spot
203270.jpg,brown_spot
200461.jpg,brown_spot
200235.jpg,brown_spot
200441.jpg,brown_spot
202570.jpg,brown_spot
202729.jpg,brown_spot
201012.jpg,brown_spot
201535.jpg,brown_spot
201090.jpg,brown_spot
201654.jpg,brown_spot
202810.jpg,brown_spot
200814.jpg,brown_spot
202814.jpg,brown_spot
201816.jpg,brown_spot
202329.jpg,brown_spot
202289.jpg,brown_spot
202290.jpg,brown_spot
202427.jpg,brown_spot
202432.jpg,brown_spot
202580.jpg,brown_spot
200974.jpg,brown_spot
202606.jpg,brown_spot
203154.jpg,brown_spot
202839.jpg,brown_spot
200126.jpg,brown_spot
202975.jpg,brown_spot
202476.jpg,brown_spot
203027.jpg,brown_spot
203046.jpg,brown_spot
200957.jpg,brown_spot
201910.jpg,brown_spot
202595.jpg,brown_spot
201311.jpg,brown_spot
202585.jpg,brown_spot
201952.jpg,brown_spot
200556.jpg,brown_spot
202498.jpg,brown_spot
201306.jpg,brown_spot
202752.jpg,brown_spot
201685.jpg,brown_spot
201749.jpg,brown_spot
200168.jpg,brown_spot
202023.jpg,brown_spot
202589.jpg,brown_spot
202269.jpg,brown_spot
200104.jpg,brown_spot
203279.jpg,brown_spot
203237.jpg,brown_spot
201514.jpg,brown_spot
200703.jpg,brown_spot
200492.jpg,brown_spot
202949.jpg,brown_spot
202950.jpg,brown_spot
201362.jpg,brown_spot
201493.jpg,brown_spot
200592.jpg,brown_spot
201923.jpg,brown_spot
203253.jpg,brown_spot
200692.jpg,brown_spot
200883.jpg,brown_spot
202459.jpg,brown_spot
200536.jpg,brown_spot
202515.jpg,brown_spot
201087.jpg,brown_spot
201709.jpg,brown_spot
201023.jpg,brown_spot
200181.jpg,brown_spot
202561.jpg,brown_spot
202500.jpg,brown_spot
200114.jpg,brown_spot
203129.jpg,brown_spot
201072.jpg,brown_spot
200718.jpg,brown_spot
202735.jpg,brown_spot
202026.jpg,brown_spot
202010.jpg,brown_spot
201698.jpg,brown_spot
202319.jpg,brown_spot
202916.jpg,brown_spot
202416.jpg,brown_spot
200714.jpg,brown_spot
202183.jpg,brown_spot
203265.jpg,brown_spot
202629.jpg,brown_spot
202390.jpg,brown_spot
203038.jpg,brown_spot
201521.jpg,brown_spot
202556.jpg,brown_spot
202445.jpg,brown_spot
201194.jpg,brown_spot
201655.jpg,brown_spot
202052.jpg,brown_spot
201607.jpg,brown_spot
203102.jpg,brown_spot
202761.jpg,brown_spot
200182.jpg,brown_spot
200023.jpg,brown_spot
202259.jpg,brown_spot
202801.jpg,brown_spot
202020.jpg,brown_spot
200914.jpg,brown_spot
201347.jpg,brown_spot
200165.jpg,brown_spot
201304.jpg,brown_spot
203390.jpg,brown_spot
200171.jpg,brown_spot
202030.jpg,brown_spot
203107.jpg,brown_spot
201870.jpg,brown_spot
200902.jpg,brown_spot
203071.jpg,brown_spot
200009.jpg,brown_spot
203348.jpg,brown_spot
200531.jpg,brown_spot
201852.jpg,brown_spot
200450.jpg,brown_spot
203398.jpg,brown_spot
201516.jpg,brown_spot
200896.jpg,brown_spot
202352.jpg,brown_spot
201057.jpg,brown_spot
203103.jpg,brown_spot
200099.jpg,brown_spot
200011.jpg,brown_spot
203441.jpg,brown_spot
202189.jpg,brown_spot
200988.jpg,brown_spot
202656.jpg,brown_spot
202135.jpg,brown_spot
201557.jpg,brown_spot
200214.jpg,brown_spot
202690.jpg,brown_spot
203312.jpg,brown_spot
201827.jpg,brown_spot
200504.jpg,brown_spot
201431.jpg,brown_spot
200355.jpg,brown_spot
202954.jpg,brown_spot
202025.jpg,brown_spot
200094.jpg,brown_spot
201269.jpg,brown_spot
203464.jpg,brown_spot
201593.jpg,brown_spot
200263.jpg,brown_spot
201499.jpg,brown_spot
201387.jpg,brown_spot
201415.jpg,brown_spot
201099.jpg,brown_spot
200979.jpg,brown_spot
200372.jpg,brown_spot
203213.jpg,brown_spot
200726.jpg,brown_spot
202125.jpg,brown_spot
201202.jpg,brown_spot
202590.jpg,brown_spot
200142.jpg,brown_spot
200330.jpg,brown_spot
202112.jpg,brown_spot
201765.jpg,brown_spot
200813.jpg,brown_spot
201912.jpg,brown_spot
201908.jpg,brown_spot
203139.jpg,brown_spot
201299.jpg,brown_spot
202674.jpg,brown_spot
201843.jpg,brown_spot
202265.jpg,brown_spot
202301.jpg,brown_spot
202759.jpg,brown_spot
202980.jpg,brown_spot
201974.jpg,brown_spot
200952.jpg,brown_spot
200285.jpg,brown_spot
200471.jpg,brown_spot
201900.jpg,brown_spot
201732.jpg,brown_spot
200024.jpg,brown_spot
203109.jpg,brown_spot
201074.jpg,brown_spot
201235.jpg,brown_spot
200736.jpg,brown_spot
200344.jpg,brown_spot
202648.jpg,brown_spot
200001.jpg,brown_spot
203248.jpg,brown_spot
200779.jpg,brown_spot
200234.jpg,brown_spot
202877.jpg,brown_spot
203375.jpg,brown_spot
200144.jpg,brown_spot
202636.jpg,brown_spot
202680.jpg,brown_spot
201260.jpg,brown_spot
201284.jpg,brown_spot
200782.jpg,brown_spot
200520.jpg,brown_spot
200903.jpg,brown_spot
201714.jpg,brown_spot
201439.jpg,brown_spot
200061.jpg,brown_spot
200002.jpg,brown_spot
203307.jpg,brown_spot
202276.jpg,brown_spot
201232.jpg,brown_spot
200393.jpg,brown_spot
201240.jpg,brown_spot
203020.jpg,brown_spot
200832.jpg,brown_spot
201147.jpg,brown_spot
200132.jpg,brown_spot
202439.jpg,brown_spot
200313.jpg,brown_spot
201118.jpg,brown_spot
202206.jpg,brown_spot
201385.jpg,brown_spot
201934.jpg,brown_spot
201755.jpg,brown_spot
201037.jpg,brown_spot
200702.jpg,brown_spot
200467.jpg,brown_spot
202042.jpg,brown_spot
203031.jpg,brown_spot
202480.jpg,brown_spot
203290.jpg,brown_spot
201609.jpg,brown_spot
202341.jpg,brown_spot
200093.jpg,brown_spot
200781.jpg,brown_spot
201554.jpg,brown_spot
202511.jpg,brown_spot
200307.jpg,brown_spot
201683.jpg,brown_spot
200976.jpg,brown_spot
202214.jpg,brown_spot
200062.jpg,brown_spot
200006.jpg,brown_spot
201681.jpg,brown_spot
200451.jpg,brown_spot
200054.jpg,brown_spot
200197.jpg,brown_spot
200018.jpg,brown_spot
200125.jpg,brown_spot
200137.jpg,brown_spot
200498.jpg,brown_spot
201446.jpg,brown_spot
202879.jpg,brown_spot
200031.jpg,brown_spot
203300.jpg,brown_spot
200549.jpg,brown_spot
201276.jpg,brown_spot
201227.jpg,brown_spot
202121.jpg,brown_spot
202467.jpg,brown_spot
203081.jpg,brown_spot
200303.jpg,brown_spot
200223.jpg,brown_spot
201471.jpg,brown_spot
202671.jpg,brown_spot
203460.jpg,brown_spot
202353.jpg,brown_spot
201624.jpg,brown_spot
200991.jpg,brown_spot
200981.jpg,brown_spot
201458.jpg,brown_spot
200280.jpg,brown_spot
202631.jpg,brown_spot
202566.jpg,brown_spot
202836.jpg,brown_spot
200996.jpg,brown_spot
200383.jpg,brown_spot
202870.jpg,brown_spot
203399.jpg,brown_spot
201894.jpg,brown_spot
200664.jpg,brown_spot
200657.jpg,brown_spot
200464.jpg,brown_spot
201592.jpg,brown_spot
202875.jpg,brown_spot
201209.jpg,brown_spot
202375.jpg,brown_spot
200160.jpg,brown_spot
202973.jpg,brown_spot
202133.jpg,brown_spot
201939.jpg,brown_spot
201426.jpg,brown_spot
201128.jpg,brown_spot
200563.jpg,brown_spot
201820.jpg,brown_spot
201052.jpg,brown_spot
201312.jpg,brown_spot
202379.jpg,brown_spot
201476.jpg,brown_spot
202977.jpg,brown_spot
202734.jpg,brown_spot
202443.jpg,brown_spot
201944.jpg,brown_spot
201179.jpg,brown_spot
201450.jpg,brown_spot
203344.jpg,brown_spot
202974.jpg,brown_spot
203018.jpg,brown_spot
201610.jpg,brown_spot
200676.jpg,brown_spot
203171.jpg,brown_spot
202397.jpg,brown_spot
200804.jpg,brown_spot
200668.jpg,brown_spot
200645.jpg,brown_spot
201835.jpg,brown_spot
201123.jpg,brown_spot
201641.jpg,brown_spot
200538.jpg,brown_spot
201474.jpg,brown_spot
200084.jpg,brown_spot
202563.jpg,brown_spot
200819.jpg,brown_spot
202307.jpg,brown_spot
200505.jpg,brown_spot
202108.jpg,brown_spot
200772.jpg,brown_spot
200584.jpg,brown_spot
201740.jpg,brown_spot
201741.jpg,brown_spot
201230.jpg,brown_spot
203459.jpg,brown_spot
201178.jpg,brown_spot
203430.jpg,brown_spot
202188.jpg,brown_spot
202692.jpg,brown_spot
200532.jpg,brown_spot
200241.jpg,brown_spot
200807.jpg,brown_spot
201204.jpg,brown_spot
201157.jpg,brown_spot
200514.jpg,brown_spot
200327.jpg,brown_spot
201575.jpg,brown_spot
203144.jpg,brown_spot
202837.jpg,brown_spot
202797.jpg,brown_spot
201378.jpg,brown_spot
200789.jpg,brown_spot
201901.jpg,brown_spot
202157.jpg,brown_spot
202200.jpg,brown_spot
200593.jpg,brown_spot
202541.jpg,brown_spot
200103.jpg,brown_spot
201169.jpg,brown_spot
202360.jpg,brown_spot
203051.jpg,brown_spot
201504.jpg,brown_spot
200121.jpg,brown_spot
200004.jpg,brown_spot
200826.jpg,brown_spot
200682.jpg,brown_spot
200739.jpg,brown_spot
201414.jpg,brown_spot
200913.jpg,brown_spot
202209.jpg,brown_spot
202940.jpg,brown_spot
203155.jpg,brown_spot
200332.jpg,brown_spot
201093.jpg,brown_spot
201497.jpg,brown_spot
201949.jpg,brown_spot
202227.jpg,brown_spot
201151.jpg,brown_spot
202634.jpg,brown_spot
202070.jpg,brown_spot
200199.jpg,brown_spot
202742.jpg,brown_spot
201701.jpg,brown_spot
200691.jpg,brown_spot
201440.jpg,brown_spot
203221.jpg,brown_spot
200098.jpg,brown_spot
201958.jpg,brown_spot
200138.jpg,brown_spot
202893.jpg,brown_spot
202919.jpg,brown_spot
202447.jpg,brown_spot
201904.jpg,brown_spot
201769.jpg,brown_spot
200747.jpg,brown_spot
200404.jpg,brown_spot
201948.jpg,brown_spot
200694.jpg,brown_spot
201117.jpg,brown_spot
202095.jpg,brown_spot
202976.jpg,brown_spot
201039.jpg,brown_spot
201170.jpg,brown_spot
203438.jpg,brown_spot
200899.jpg,brown_spot
203215.jpg,brown_spot
201404.jpg,brown_spot
202945.jpg,brown_spot
202841.jpg,brown_spot
200950.jpg,brown_spot
201589.jpg,brown_spot
201384.jpg,brown_spot
201473.jpg,brown_spot
202437.jpg,brown_spot
203299.jpg,brown_spot
201133.jpg,brown_spot
200312.jpg,brown_spot
201032.jpg,brown_spot
202347.jpg,brown_spot
202255.jpg,brown_spot
200215.jpg,brown_spot
202744.jpg,brown_spot
203077.jpg,brown_spot
202457.jpg,brown_spot
200724.jpg,brown_spot
201627.jpg,brown_spot
200637.jpg,brown_spot
202966.jpg,brown_spot
201365.jpg,brown_spot
203320.jpg,brown_spot
202959.jpg,brown_spot
202172.jpg,brown_spot
202691.jpg,brown_spot
200869.jpg,brown_spot
201249.jpg,brown_spot
201645.jpg,brown_spot
202005.jpg,brown_spot
202770.jpg,brown_spot
200380.jpg,brown_spot
202418.jpg,brown_spot
202179.jpg,brown_spot
201124.jpg,brown_spot
202547.jpg,brown_spot
200156.jpg,brown_spot
203207.jpg,brown_spot
201019.jpg,brown_spot
201301.jpg,brown_spot
201811.jpg,brown_spot
200146.jpg,brown_spot
200085.jpg,brown_spot
202755.jpg,brown_spot
203315.jpg,brown_spot
200444.jpg,brown_spot
203389.jpg,brown_spot
202922.jpg,brown_spot
200179.jpg,brown_spot
201777.jpg,brown_spot
202314.jpg,brown_spot
202827.jpg,brown_spot
200953.jpg,brown_spot
203342.jpg,brown_spot
201484.jpg,brown_spot
200666.jpg,brown_spot
200074.jpg,brown_spot
200431.jpg,brown_spot
200379.jpg,brown_spot
200964.jpg,brown_spot
203224.jpg,brown_spot
200350.jpg,brown_spot
200222.jpg,brown_spot
200949.jpg,brown_spot
200027.jpg,brown_spot
200131.jpg,brown_spot
200620.jpg,brown_spot
202097.jpg,brown_spot
200167.jpg,brown_spot
202885.jpg,brown_spot
202187.jpg,brown_spot
201761.jpg,brown_spot
203463.jpg,brown_spot
200698.jpg,brown_spot
203066.jpg,brown_spot
201915.jpg,brown_spot
202632.jpg,brown_spot
201001.jpg,brown_spot
200841.jpg,brown_spot
200803.jpg,brown_spot
203298.jpg,brown_spot
200175.jpg,brown_spot
201477.jpg,brown_spot
202012.jpg,brown_spot
201718.jpg,brown_spot
200454.jpg,brown_spot
202705.jpg,brown_spot
202986.jpg,brown_spot
202208.jpg,brown_spot
200583.jpg,brown_spot
200627.jpg,brown_spot
200424.jpg,brown_spot
201030.jpg,brown_spot
201051.jpg,brown_spot
201370.jpg,brown_spot
200219.jpg,brown_spot
200080.jpg,brown_spot
202058.jpg,brown_spot
201926.jpg,brown_spot
200634.jpg,brown_spot
202154.jpg,brown_spot
201069.jpg,brown_spot
202115.jpg,brown_spot
201402.jpg,brown_spot
203260.jpg,brown_spot
203283.jpg,brown_spot
201577.jpg,brown_spot
202550.jpg,brown_spot
201109.jpg,brown_spot
201309.jpg,brown_spot
201377.jpg,brown_spot
202332.jpg,brown_spot
200032.jpg,brown_spot
200346.jpg,brown_spot
201107.jpg,brown_spot
202082.jpg,brown_spot
203079.jpg,brown_spot
200840.jpg,brown_spot
202484.jpg,brown_spot
202587.jpg,brown_spot
203040.jpg,brown_spot
200757.jpg,brown_spot
202497.jpg,brown_spot
201639.jpg,brown_spot
201734.jpg,brown_spot
200816.jpg,brown_spot
202496.jpg,brown_spot
203293.jpg,brown_spot
200017.jpg,brown_spot
200897.jpg,brown_spot
201164.jpg,brown_spot
201747.jpg,brown_spot
202782.jpg,brown_spot
202505.jpg,brown_spot
201508.jpg,brown_spot
202565.jpg,brown_spot
202516.jpg,brown_spot
203152.jpg,brown_spot
200797.jpg,brown_spot
202197.jpg,brown_spot
201248.jpg,brown_spot
202997.jpg,brown_spot
201876.jpg,brown_spot
203401.jpg,brown_spot
200497.jpg,brown_spot
202295.jpg,brown_spot
202799.jpg,brown_spot
202857.jpg,brown_spot
202772.jpg,brown_spot
200260.jpg,brown_spot
200491.jpg,brown_spot
200612.jpg,brown_spot
201541.jpg,brown_spot
200673.jpg,brown_spot
200166.jpg,brown_spot
203446.jpg,brown_spot
202825.jpg,brown_spot
200159.jpg,brown_spot
200990.jpg,brown_spot
202615.jpg,brown_spot
202719.jpg,brown_spot
202262.jpg,brown_spot
201215.jpg,brown_spot
200554.jpg,brown_spot
202533.jpg,brown_spot
202143.jpg,brown_spot
200186.jpg,brown_spot
201638.jpg,brown_spot
202148.jpg,brown_spot
202357.jpg,brown_spot
203337.jpg,brown_spot
202961.jpg,brown_spot
200994.jpg,brown_spot
203250.jpg,brown_spot
201469.jpg,brown_spot
200586.jpg,brown_spot
203432.jpg,brown_spot
201997.jpg,brown_spot
200439.jpg,brown_spot
200178.jpg,brown_spot
202451.jpg,brown_spot
202600.jpg,brown_spot
200918.jpg,brown_spot
202695.jpg,brown_spot
201407.jpg,brown_spot
202571.jpg,brown_spot
202225.jpg,brown_spot
201986.jpg,brown_spot
201359.jpg,brown_spot
202414.jpg,brown_spot
203069.jpg,brown_spot
200774.jpg,brown_spot
201229.jpg,brown_spot
201428.jpg,brown_spot
200188.jpg,brown_spot
200488.jpg,brown_spot
200537.jpg,brown_spot
202129.jpg,brown_spot
200616.jpg,brown_spot
202309.jpg,brown_spot
200050.jpg,brown_spot
201434.jpg,brown_spot
201389.jpg,brown_spot
202410.jpg,brown_spot
201661.jpg,brown_spot
202043.jpg,brown_spot
203420.jpg,brown_spot
202894.jpg,brown_spot
201606.jpg,brown_spot
202760.jpg,brown_spot
201152.jpg,brown_spot
201573.jpg,brown_spot
202611.jpg,brown_spot
202493.jpg,brown_spot
202863.jpg,brown_spot
202568.jpg,brown_spot
202274.jpg,brown_spot
203156.jpg,brown_spot
200169.jpg,brown_spot
200888.jpg,brown_spot
203373.jpg,brown_spot
202972.jpg,brown_spot
202017.jpg,brown_spot
200542.jpg,brown_spot
201752.jpg,brown_spot
202887.jpg,brown_spot
202510.jpg,brown_spot
201360.jpg,brown_spot
202219.jpg,brown_spot
202068.jpg,brown_spot
203469.jpg,brown_spot
203076.jpg,brown_spot
201363.jpg,brown_spot
200328.jpg,brown_spot
203359.jpg,brown_spot
200898.jpg,brown_spot
202130.jpg,brown_spot
201702.jpg,brown_spot
200265.jpg,brown_spot
200709.jpg,brown_spot
201898.jpg,brown_spot
200755.jpg,brown_spot
202785.jpg,brown_spot
202901.jpg,brown_spot
201977.jpg,brown_spot
201778.jpg,brown_spot
200815.jpg,brown_spot
200090.jpg,brown_spot
201763.jpg,brown_spot
202536.jpg,brown_spot
201063.jpg,brown_spot
200479.jpg,brown_spot
201482.jpg,brown_spot
202468.jpg,brown_spot
202559.jpg,brown_spot
200860.jpg,brown_spot
201464.jpg,brown_spot
202529.jpg,brown_spot
202401.jpg,brown_spot
202474.jpg,brown_spot
201546.jpg,brown_spot
201917.jpg,brown_spot
200850.jpg,brown_spot
200044.jpg,brown_spot
203169.jpg,brown_spot
201643.jpg,brown_spot
200079.jpg,brown_spot
203161.jpg,brown_spot
201621.jpg,brown_spot
201255.jpg,brown_spot
200987.jpg,brown_spot
200945.jpg,brown_spot
200465.jpg,brown_spot
202436.jpg,brown_spot
202508.jpg,brown_spot
202558.jpg,brown_spot
201579.jpg,brown_spot
201968.jpg,brown_spot
200288.jpg,brown_spot
200345.jpg,brown_spot
203266.jpg,brown_spot
202085.jpg,brown_spot
200360.jpg,brown_spot
202138.jpg,brown_spot
202470.jpg,brown_spot
201070.jpg,brown_spot
201642.jpg,brown_spot
200648.jpg,brown_spot
202147.jpg,brown_spot
203331.jpg,brown_spot
202667.jpg,brown_spot
202045.jpg,brown_spot
200005.jpg,brown_spot
203143.jpg,brown_spot
200780.jpg,brown_spot
202637.jpg,brown_spot
202391.jpg,brown_spot
202140.jpg,brown_spot
200252.jpg,brown_spot
200306.jpg,brown_spot
203141.jpg,brown_spot
202007.jpg,brown_spot
200316.jpg,brown_spot
201357.jpg,brown_spot
202627.jpg,brown_spot
200967.jpg,brown_spot
200569.jpg,brown_spot
200581.jpg,brown_spot
200455.jpg,brown_spot
203029.jpg,brown_spot
202884.jpg,brown_spot
202948.jpg,brown_spot
202658.jpg,brown_spot
202306.jpg,brown_spot
202746.jpg,brown_spot
200649.jpg,brown_spot
201608.jpg,brown_spot
201071.jpg,brown_spot
200767.jpg,brown_spot
203021.jpg,brown_spot
202126.jpg,brown_spot
201020.jpg,brown_spot
201348.jpg,brown_spot
201880.jpg,brown_spot
202639.jpg,brown_spot
200735.jpg,brown_spot
203041.jpg,brown_spot
200534.jpg,brown_spot
202231.jpg,brown_spot
201265.jpg,brown_spot
201354.jpg,brown_spot
201862.jpg,brown_spot
203108.jpg,brown_spot
202035.jpg,brown_spot
201111.jpg,brown_spot
200862.jpg,brown_spot
200882.jpg,brown_spot
200960.jpg,brown_spot
203468.jpg,brown_spot
200844.jpg,brown_spot
202686.jpg,brown_spot
201021.jpg,brown_spot
201253.jpg,brown_spot
202703.jpg,brown_spot
200971.jpg,brown_spot
201254.jpg,brown_spot
202246.jpg,brown_spot
201999.jpg,brown_spot
202604.jpg,brown_spot
203190.jpg,brown_spot
203209.jpg,brown_spot
203074.jpg,brown_spot
203405.jpg,brown_spot
203413.jpg,brown_spot
203095.jpg,brown_spot
203345.jpg,brown_spot
203218.jpg,brown_spot
201980.jpg,brown_spot
200834.jpg,brown_spot
201970.jpg,brown_spot
200963.jpg,brown_spot
202608.jpg,brown_spot
200671.jpg,brown_spot
202396.jpg,brown_spot
200872.jpg,brown_spot
203408.jpg,brown_spot
200778.jpg,brown_spot
202426.jpg,brown_spot
202166.jpg,brown_spot
202298.jpg,brown_spot
202104.jpg,brown_spot
203455.jpg,brown_spot
202784.jpg,brown_spot
200329.jpg,brown_spot
200025.jpg,brown_spot
200880.jpg,brown_spot
202281.jpg,brown_spot
200493.jpg,brown_spot
201990.jpg,brown_spot
202089.jpg,brown_spot
202971.jpg,brown_spot
202398.jpg,brown_spot
202060.jpg,brown_spot
202650.jpg,brown_spot
201744.jpg,brown_spot
201538.jpg,brown_spot
203350.jpg,brown_spot
203376.jpg,brown_spot
201629.jpg,brown_spot
202886.jpg,brown_spot
202790.jpg,brown_spot
202142.jpg,brown_spot
200480.jpg,brown_spot
201772.jpg,brown_spot
201669.jpg,brown_spot
202220.jpg,brown_spot
202158.jpg,brown_spot
201364.jpg,brown_spot
203416.jpg,brown_spot
200073.jpg,brown_spot
200810.jpg,brown_spot
200697.jpg,brown_spot
202253.jpg,brown_spot
203285.jpg,brown_spot
200123.jpg,brown_spot
203409.jpg,brown_spot
200272.jpg,brown_spot
201651.jpg,brown_spot
201500.jpg,brown_spot
201189.jpg,brown_spot
203162.jpg,brown_spot
200707.jpg,brown_spot
200796.jpg,brown_spot
201553.jpg,brown_spot
202330.jpg,brown_spot
200809.jpg,brown_spot
201622.jpg,brown_spot
202395.jpg,brown_spot
200120.jpg,brown_spot
200656.jpg,brown_spot
200922.jpg,brown_spot
201425.jpg,brown_spot
201848.jpg,brown_spot
202534.jpg,brown_spot
201005.jpg,brown_spot
201879.jpg,brown_spot
203217.jpg,brown_spot
203036.jpg,brown_spot
203063.jpg,brown_spot
202542.jpg,brown_spot
203369.jpg,brown_spot
203287.jpg,brown_spot
201866.jpg,brown_spot
201281.jpg,brown_spot
201006.jpg,brown_spot
201844.jpg,brown_spot
201082.jpg,brown_spot
203111.jpg,brown_spot
203187.jpg,brown_spot
203091.jpg,brown_spot
202696.jpg,brown_spot
201596.jpg,brown_spot
200973.jpg,brown_spot
201156.jpg,brown_spot
200846.jpg,brown_spot
202725.jpg,brown_spot
201193.jpg,brown_spot
202662.jpg,brown_spot
201630.jpg,brown_spot
202830.jpg,brown_spot
201452.jpg,brown_spot
202486.jpg,brown_spot
202517.jpg,brown_spot
200086.jpg,brown_spot
201925.jpg,brown_spot
201884.jpg,brown_spot
201361.jpg,brown_spot
202936.jpg,brown_spot
201340.jpg,brown_spot
203044.jpg,brown_spot
201247.jpg,brown_spot
201002.jpg,brown_spot
202067.jpg,brown_spot
201279.jpg,brown_spot
201633.jpg,brown_spot
201834.jpg,brown_spot
200117.jpg,brown_spot
202560.jpg,brown_spot
201869.jpg,brown_spot
200794.jpg,brown_spot
203234.jpg,brown_spot
203366.jpg,brown_spot
200769.jpg,brown_spot
202343.jpg,brown_spot
201882.jpg,brown_spot
201569.jpg,brown_spot
201510.jpg,brown_spot
201334.jpg,brown_spot
203000.jpg,brown_spot
202016.jpg,brown_spot
202202.jpg,brown_spot
200742.jpg,brown_spot
202195.jpg,brown_spot
200286.jpg,brown_spot
201659.jpg,brown_spot
200418.jpg,brown_spot
200397.jpg,brown_spot
201971.jpg,brown_spot
200821.jpg,brown_spot
200762.jpg,brown_spot
200855.jpg,brown_spot
203304.jpg,brown_spot
203104.jpg,brown_spot
202273.jpg,brown_spot
200046.jpg,brown_spot
203411.jpg,brown_spot
200884.jpg,brown_spot
200283.jpg,brown_spot
201814.jpg,brown_spot
200057.jpg,brown_spot
203047.jpg,brown_spot
200351.jpg,brown_spot
203360.jpg,brown_spot
201600.jpg,brown_spot
201753.jpg,brown_spot
203314.jpg,brown_spot
201110.jpg,brown_spot
201369.jpg,brown_spot
201341.jpg,brown_spot
202934.jpg,brown_spot
202902.jpg,brown_spot
201210.jpg,brown_spot
202918.jpg,brown_spot
201656.jpg,brown_spot
202532.jpg,brown_spot
200153.jpg,brown_spot
202270.jpg,brown_spot
201114.jpg,brown_spot
200606.jpg,brown_spot
202167.jpg,brown_spot
203346.jpg,brown_spot
200296.jpg,brown_spot
200829.jpg,brown_spot
201268.jpg,brown_spot
202425.jpg,brown_spot
201115.jpg,brown_spot
201298.jpg,brown_spot
203086.jpg,brown_spot
202465.jpg,brown_spot
203280.jpg,brown_spot
201042.jpg,brown_spot
201897.jpg,brown_spot
202741.jpg,brown_spot
202013.jpg,brown_spot
201375.jpg,brown_spot
203269.jpg,brown_spot
200442.jpg,brown_spot
202791.jpg,brown_spot
200513.jpg,brown_spot
202584.jpg,brown_spot
202513.jpg,brown_spot
202553.jpg,brown_spot
201842.jpg,brown_spot
200596.jpg,brown_spot
200686.jpg,brown_spot
201687.jpg,brown_spot
203200.jpg,brown_spot
202635.jpg,brown_spot
200311.jpg,brown_spot
202229.jpg,brown_spot
200064.jpg,brown_spot
202222.jpg,brown_spot
202518.jpg,brown_spot
201523.jpg,brown_spot
201648.jpg,brown_spot
200948.jpg,brown_spot
203148.jpg,brown_spot
202818.jpg,brown_spot
201864.jpg,brown_spot
202382.jpg,brown_spot
202989.jpg,brown_spot
202576.jpg,brown_spot
200500.jpg,brown_spot
200738.jpg,brown_spot
202700.jpg,brown_spot
200523.jpg,brown_spot
200939.jpg,brown_spot
201025.jpg,brown_spot
201291.jpg,brown_spot
201161.jpg,brown_spot
203340.jpg,brown_spot
200631.jpg,brown_spot
200933.jpg,brown_spot
203297.jpg,brown_spot
201837.jpg,brown_spot
200541.jpg,brown_spot
201011.jpg,brown_spot
203343.jpg,brown_spot
201728.jpg,brown_spot
203068.jpg,brown_spot
200022.jpg,brown_spot
202720.jpg,brown_spot
203239.jpg,brown_spot
200058.jpg,brown_spot
202555.jpg,brown_spot
202464.jpg,brown_spot
201720.jpg,brown_spot
203059.jpg,brown_spot
201185.jpg,brown_spot
200509.jpg,brown_spot
200501.jpg,brown_spot
201855.jpg,brown_spot
201599.jpg,brown_spot
200503.jpg,brown_spot
202739.jpg,brown_spot
201605.jpg,brown_spot
200567.jpg,brown_spot
200060.jpg,brown_spot
201998.jpg,brown_spot
202598.jpg,brown_spot
200287.jpg,brown_spot
202524.jpg,brown_spot
202059.jpg,brown_spot
202134.jpg,brown_spot
202874.jpg,brown_spot
203384.jpg,brown_spot
201809.jpg,brown_spot
201754.jpg,brown_spot
201832.jpg,brown_spot
201200.jpg,brown_spot
202796.jpg,brown_spot
200315.jpg,brown_spot
202962.jpg,brown_spot
202256.jpg,brown_spot
202787.jpg,brown_spot
201324.jpg,brown_spot
203358.jpg,brown_spot
201930.jpg,brown_spot
202822.jpg,brown_spot
202921.jpg,brown_spot
200412.jpg,brown_spot
200636.jpg,brown_spot
200818.jpg,brown_spot
201743.jpg,brown_spot
201492.jpg,brown_spot
200015.jpg,brown_spot
202303.jpg,brown_spot
201214.jpg,brown_spot
200112.jpg,brown_spot
201583.jpg,brown_spot
201286.jpg,brown_spot
202119.jpg,brown_spot
201845.jpg,brown_spot
201865.jpg,brown_spot
201665.jpg,brown_spot
201046.jpg,brown_spot
202899.jpg,brown_spot
200056.jpg,brown_spot
200211.jpg,brown_spot
203445.jpg,brown_spot
201277.jpg,brown_spot
200195.jpg,brown_spot
201120.jpg,brown_spot
200119.jpg,brown_spot
200619.jpg,brown_spot
200065.jpg,brown_spot
201505.jpg,brown_spot
200070.jpg,brown_spot
200892.jpg,brown_spot
200812.jpg,brown_spot
202495.jpg,brown_spot
201173.jpg,brown_spot
202031.jpg,brown_spot
203354.jpg,brown_spot
202448.jpg,brown_spot
202419.jpg,brown_spot
200417.jpg,brown_spot
201159.jpg,brown_spot
202926.jpg,brown_spot
202545.jpg,brown_spot
203330.jpg,brown_spot
202320.jpg,brown_spot
202991.jpg,brown_spot
203151.jpg,brown_spot
201391.jpg,brown_spot
201271.jpg,brown_spot
202958.jpg,brown_spot
200730.jpg,brown_spot
200128.jpg,brown_spot
200453.jpg,brown_spot
202978.jpg,brown_spot
202056.jpg,brown_spot
203274.jpg,brown_spot
200516.jpg,brown_spot
201672.jpg,brown_spot
203117.jpg,brown_spot
202429.jpg,brown_spot
203415.jpg,brown_spot
202506.jpg,brown_spot
201602.jpg,brown_spot
200437.jpg,brown_spot
201320.jpg,brown_spot
203370.jpg,brown_spot
203100.jpg,brown_spot
202327.jpg,brown_spot
201201.jpg,brown_spot
202120.jpg,brown_spot
200946.jpg,brown_spot
202704.jpg,brown_spot
200484.jpg,brown_spot
201427.jpg,brown_spot
202228.jpg,brown_spot
200920.jpg,brown_spot
202160.jpg,brown_spot
200608.jpg,brown_spot
202182.jpg,brown_spot
200274.jpg,brown_spot
202626.jpg,brown_spot
200659.jpg,brown_spot
200989.jpg,brown_spot
202644.jpg,brown_spot
202923.jpg,brown_spot
200854.jpg,brown_spot
201710.jpg,brown_spot
202521.jpg,brown_spot
200901.jpg,brown_spot
202018.jpg,brown_spot
200469.jpg,brown_spot
202979.jpg,brown_spot
200047.jpg,brown_spot
202645.jpg,brown_spot
202713.jpg,brown_spot
201029.jpg,brown_spot
202913.jpg,brown_spot
202955.jpg,brown_spot
200295.jpg,brown_spot
203034.jpg,brown_spot
203017.jpg,brown_spot
202402.jpg,brown_spot
201802.jpg,brown_spot
201421.jpg,brown_spot
200209.jpg,brown_spot
200401.jpg,brown_spot
202254.jpg,brown_spot
200432.jpg,brown_spot
200858.jpg,brown_spot
203206.jpg,brown_spot
201874.jpg,brown_spot
203281.jpg,brown_spot
203264.jpg,brown_spot
202152.jpg,brown_spot
201840.jpg,brown_spot
201586.jpg,brown_spot
202252.jpg,brown_spot
201106.jpg,brown_spot
202868.jpg,brown_spot
201233.jpg,brown_spot
203197.jpg,brown_spot
200091.jpg,brown_spot
202243.jpg,brown_spot
200481.jpg,brown_spot
200926.jpg,brown_spot
203361.jpg,brown_spot
202322.jpg,brown_spot
200722.jpg,brown_spot
201095.jpg,brown_spot
202678.jpg,brown_spot
200334.jpg,brown_spot
201495.jpg,brown_spot
201715.jpg,brown_spot
200938.jpg,brown_spot
201819.jpg,brown_spot
201502.jpg,brown_spot
202460.jpg,brown_spot
202199.jpg,brown_spot
200980.jpg,brown_spot
200496.jpg,brown_spot
201890.jpg,brown_spot
201327.jpg,brown_spot
201851.jpg,brown_spot
201868.jpg,brown_spot
202102.jpg,brown_spot
202682.jpg,brown_spot
202458.jpg,brown_spot
203159.jpg,brown_spot
200218.jpg,brown_spot
202387.jpg,brown_spot
202481.jpg,brown_spot
200224.jpg,brown_spot
201478.jpg,brown_spot
203379.jpg,brown_spot
201116.jpg,brown_spot
201708.jpg,brown_spot
201337.jpg,brown_spot
201257.jpg,brown_spot
200588.jpg,brown_spot
201418.jpg,brown_spot
202766.jpg,brown_spot
200733.jpg,brown_spot
203192.jpg,brown_spot
201841.jpg,brown_spot
201024.jpg,brown_spot
200042.jpg,brown_spot
201873.jpg,brown_spot
201667.jpg,brown_spot
200255.jpg,brown_spot
201788.jpg,brown_spot
201693.jpg,brown_spot
201618.jpg,brown_spot
201432.jpg,brown_spot
200366.jpg,brown_spot
202193.jpg,brown_spot
202103.jpg,brown_spot
200900.jpg,brown_spot
201598.jpg,brown_spot
200373.jpg,brown_spot
200273.jpg,brown_spot
203336.jpg,brown_spot
203001.jpg,brown_spot
200962.jpg,brown_spot
202000.jpg,brown_spot
200133.jpg,brown_spot
202454.jpg,brown_spot
202649.jpg,brown_spot
203075.jpg,brown_spot
201591.jpg,brown_spot
200942.jpg,brown_spot
201775.jpg,brown_spot
200446.jpg,brown_spot
202754.jpg,brown_spot
202267.jpg,brown_spot
203227.jpg,brown_spot
200785.jpg,brown_spot
203236.jpg,brown_spot
200319.jpg,brown_spot
200240.jpg,brown_spot
202710.jpg,brown_spot
201825.jpg,brown_spot
203374.jpg,brown_spot
202643.jpg,brown_spot
203433.jpg,brown_spot
200183.jpg,brown_spot
203182.jpg,brown_spot
203146.jpg,brown_spot
202094.jpg,brown_spot
203199.jpg,brown_spot
201187.jpg,brown_spot
201399.jpg,brown_spot
200728.jpg,brown_spot
202029.jpg,brown_spot
201316.jpg,brown_spot
201013.jpg,brown_spot
203249.jpg,brown_spot
202727.jpg,brown_spot
201222.jpg,brown_spot
201794.jpg,brown_spot
202659.jpg,brown_spot
201308.jpg,brown_spot
200460.jpg,brown_spot
202469.jpg,brown_spot
201353.jpg,brown_spot
201160.jpg,brown_spot
200490.jpg,brown_spot
203219.jpg,brown_spot
200669.jpg,brown_spot
202507.jpg,brown_spot
200647.jpg,brown_spot
201207.jpg,brown_spot
201350.jpg,brown_spot
201895.jpg,brown_spot
202819.jpg,brown_spot
201875.jpg,brown_spot
200674.jpg,brown_spot
202990.jpg,brown_spot
202368.jpg,brown_spot
203064.jpg,brown_spot
202434.jpg,brown_spot
200600.jpg,brown_spot
203057.jpg,brown_spot
201963.jpg,brown_spot
201208.jpg,brown_spot
201660.jpg,brown_spot
200399.jpg,brown_spot
201737.jpg,brown_spot
200776.jpg,brown_spot
201985.jpg,brown_spot
202048.jpg,brown_spot
203335.jpg,brown_spot
201352.jpg,brown_spot
201400.jpg,brown_spot
203440.jpg,brown_spot
201303.jpg,brown_spot
202618.jpg,brown_spot
201764.jpg,brown_spot
202101.jpg,brown_spot
203429.jpg,brown_spot
200367.jpg,brown_spot
200371.jpg,brown_spot
201338.jpg,brown_spot
202288.jpg,brown_spot
202527.jpg,brown_spot
201936.jpg,brown_spot
200550.jpg,brown_spot
200624.jpg,brown_spot
203083.jpg,brown_spot
203241.jpg,brown_spot
200568.jpg,brown_spot
202681.jpg,brown_spot
201878.jpg,brown_spot
202428.jpg,brown_spot
200889.jpg,brown_spot
201690.jpg,brown_spot
200051.jpg,brown_spot
202122.jpg,brown_spot
200410.jpg,brown_spot
202826.jpg,brown_spot
201899.jpg,brown_spot
202619.jpg,brown_spot
201289.jpg,brown_spot
200036.jpg,brown_spot
200771.jpg,brown_spot
203178.jpg,brown_spot
203243.jpg,brown_spot
202351.jpg,brown_spot
201416.jpg,brown_spot
202369.jpg,brown_spot
200395.jpg,brown_spot
203130.jpg,brown_spot
200233.jpg,brown_spot
200301.jpg,brown_spot
201625.jpg,brown_spot
201833.jpg,brown_spot
201212.jpg,brown_spot
203305.jpg,brown_spot
203099.jpg,brown_spot
202242.jpg,brown_spot
202846.jpg,brown_spot
202820.jpg,brown_spot
200409.jpg,brown_spot
201061.jpg,brown_spot
201218.jpg,brown_spot
200799.jpg,brown_spot
202519.jpg,brown_spot
202581.jpg,brown_spot
200269.jpg,brown_spot
202144.jpg,brown_spot
200768.jpg,brown_spot
202984.jpg,brown_spot
202867.jpg,brown_spot
203402.jpg,brown_spot
201293.jpg,brown_spot
201581.jpg,brown_spot
200970.jpg,brown_spot
202834.jpg,brown_spot
200640.jpg,brown_spot
202100.jpg,brown_spot
200851.jpg,brown_spot
203110.jpg,brown_spot
200043.jpg,brown_spot
202575.jpg,brown_spot
203436.jpg,brown_spot
200413.jpg,brown_spot
201220.jpg,brown_spot
203011.jpg,brown_spot
201674.jpg,brown_spot
203456.jpg,brown_spot
203419.jpg,brown_spot
200927.jpg,brown_spot
203097.jpg,brown_spot
202247.jpg,brown_spot
202554.jpg,brown_spot
200066.jpg,brown_spot
201386.jpg,brown_spot
202365.jpg,brown_spot
200422.jpg,brown_spot
201620.jpg,brown_spot
200566.jpg,brown_spot
202548.jpg,brown_spot
200387.jpg,brown_spot
202485.jpg,brown_spot
201839.jpg,brown_spot
203050.jpg,brown_spot
202066.jpg,brown_spot
200790.jpg,brown_spot
200853.jpg,brown_spot
200891.jpg,brown_spot
202661.jpg,brown_spot
200842.jpg,brown_spot
201217.jpg,brown_spot
201088.jpg,brown_spot
201540.jpg,brown_spot
201048.jpg,brown_spot
200633.jpg,brown_spot
200236.jpg,brown_spot
200577.jpg,brown_spot
201634.jpg,brown_spot
201022.jpg,brown_spot
200615.jpg,brown_spot
200342.jpg,brown_spot
203168.jpg,brown_spot
201381.jpg,brown_spot
201547.jpg,brown_spot
201795.jpg,brown_spot
202821.jpg,brown_spot
203424.jpg,brown_spot
202931.jpg,brown_spot
200020.jpg,brown_spot
201914.jpg,brown_spot
203435.jpg,brown_spot
202412.jpg,brown_spot
201371.jpg,brown_spot
200423.jpg,brown_spot
202876.jpg,brown_spot
201543.jpg,brown_spot
200677.jpg,brown_spot
200604.jpg,brown_spot
202842.jpg,brown_spot
201487.jpg,brown_spot
202074.jpg,brown_spot
202275.jpg,brown_spot
201812.jpg,brown_spot
200798.jpg,brown_spot
200571.jpg,brown_spot
203214.jpg,brown_spot
203009.jpg,brown_spot
202845.jpg,brown_spot
202630.jpg,brown_spot
202912.jpg,brown_spot
202927.jpg,brown_spot
202965.jpg,brown_spot
203259.jpg,brown_spot
201166.jpg,brown_spot
202292.jpg,brown_spot
202805.jpg,brown_spot
201323.jpg,brown_spot
200361.jpg,brown_spot
201539.jpg,brown_spot
203294.jpg,brown_spot
203247.jpg,brown_spot
201143.jpg,brown_spot
202257.jpg,brown_spot
201736.jpg,brown_spot
202435.jpg,brown_spot
202935.jpg,brown_spot
201134.jpg,brown_spot
201103.jpg,brown_spot
201994.jpg,brown_spot
202001.jpg,brown_spot
200427.jpg,brown_spot
202602.jpg,brown_spot
200130.jpg,brown_spot
200696.jpg,brown_spot
201551.jpg,brown_spot
200436.jpg,brown_spot
202798.jpg,brown_spot
201550.jpg,brown_spot
201078.jpg,brown_spot
202442.jpg,brown_spot
201167.jpg,brown_spot
201016.jpg,brown_spot
201163.jpg,brown_spot
203008.jpg,brown_spot
201953.jpg,brown_spot
200297.jpg,brown_spot
200331.jpg,brown_spot
200777.jpg,brown_spot
201867.jpg,brown_spot
202953.jpg,brown_spot
201349.jpg,brown_spot
203039.jpg,brown_spot
201015.jpg,brown_spot
201420.jpg,brown_spot
201891.jpg,brown_spot
201038.jpg,brown_spot
200115.jpg,brown_spot
200105.jpg,brown_spot
200059.jpg,brown_spot
203404.jpg,brown_spot
201937.jpg,brown_spot
200752.jpg,brown_spot
203140.jpg,brown_spot
202163.jpg,brown_spot
201969.jpg,brown_spot
200184.jpg,brown_spot
200173.jpg,brown_spot
202992.jpg,brown_spot
203238.jpg,brown_spot
201034.jpg,brown_spot
201366.jpg,brown_spot
201355.jpg,brown_spot
202624.jpg,brown_spot
200110.jpg,brown_spot
201920.jpg,brown_spot
201705.jpg,brown_spot
200685.jpg,brown_spot
202218.jpg,brown_spot
200152.jpg,brown_spot
202943.jpg,brown_spot
203465.jpg,brown_spot
202664.jpg,brown_spot
203244.jpg,brown_spot
200936.jpg,brown_spot
202057.jpg,brown_spot
200512.jpg,brown_spot
200658.jpg,brown_spot
201916.jpg,brown_spot
200378.jpg,brown_spot
200570.jpg,brown_spot
200824.jpg,brown_spot
202878.jpg,brown_spot
201188.jpg,brown_spot
201545.jpg,brown_spot
202537.jpg,brown_spot
202777.jpg,brown_spot
200617.jpg,brown_spot
200628.jpg,brown_spot
203119.jpg,brown_spot
201803.jpg,brown_spot
201817.jpg,brown_spot
202788.jpg,brown_spot
202374.jpg,brown_spot
203242.jpg,brown_spot
201073.jpg,brown_spot
200861.jpg,brown_spot
201906.jpg,brown_spot
201004.jpg,brown_spot
200385.jpg,brown_spot
200805.jpg,brown_spot
203395.jpg,brown_spot
200655.jpg,brown_spot
201075.jpg,brown_spot
200555.jpg,brown_spot
203062.jpg,brown_spot
201822.jpg,brown_spot
203105.jpg,brown_spot
200476.jpg,brown_spot
202967.jpg,brown_spot
200246.jpg,brown_spot
202308.jpg,brown_spot
202753.jpg,brown_spot
200127.jpg,brown_spot
201954.jpg,brown_spot
202372.jpg,brown_spot
201922.jpg,brown_spot
200198.jpg,brown_spot
202669.jpg,brown_spot
203094.jpg,brown_spot
201951.jpg,brown_spot
200528.jpg,brown_spot
200478.jpg,brown_spot
202596.jpg,brown_spot
202811.jpg,brown_spot
203347.jpg,brown_spot
202223.jpg,brown_spot
202882.jpg,brown_spot
200704.jpg,brown_spot
200921.jpg,brown_spot
202238.jpg,brown_spot
200849.jpg,brown_spot
200408.jpg,brown_spot
202737.jpg,brown_spot
200660.jpg,brown_spot
203258.jpg,brown_spot
203383.jpg,brown_spot
201383.jpg,brown_spot
201322.jpg,brown_spot
202567.jpg,brown_spot
201086.jpg,brown_spot
201049.jpg,brown_spot
200836.jpg,brown_spot
201261.jpg,brown_spot
202463.jpg,brown_spot
203313.jpg,brown_spot
201076.jpg,brown_spot
201649.jpg,brown_spot
202574.jpg,brown_spot
200717.jpg,brown_spot
201612.jpg,brown_spot
200242.jpg,brown_spot
203137.jpg,brown_spot
202446.jpg,brown_spot
201501.jpg,brown_spot
201228.jpg,brown_spot
201278.jpg,brown_spot
202110.jpg,brown_spot
200333.jpg,brown_spot
200801.jpg,brown_spot
200923.jpg,brown_spot
200097.jpg,brown_spot
201991.jpg,brown_spot
201186.jpg,brown_spot
201993.jpg,brown_spot
201699.jpg,brown_spot
201379.jpg,brown_spot
202423.jpg,brown_spot
202116.jpg,brown_spot
201678.jpg,brown_spot
201127.jpg,brown_spot
200688.jpg,brown_spot
201409.jpg,brown_spot
201767.jpg,brown_spot
201668.jpg,brown_spot
202562.jpg,brown_spot
200290.jpg,brown_spot
202736.jpg,brown_spot
201043.jpg,brown_spot
202944.jpg,brown_spot
203362.jpg,brown_spot
202765.jpg,brown_spot
202192.jpg,brown_spot
202538.jpg,brown_spot
203377.jpg,brown_spot
200193.jpg,brown_spot
200843.jpg,brown_spot
201294.jpg,brown_spot
202689.jpg,brown_spot
202444.jpg,brown_spot
203106.jpg,brown_spot
201060.jpg,brown_spot
201470.jpg,brown_spot
200203.jpg,brown_spot
200713.jpg,brown_spot
202543.jpg,brown_spot
200545.jpg,brown_spot
202107.jpg,brown_spot
201376.jpg,brown_spot
201786.jpg,brown_spot
200040.jpg,brown_spot
202170.jpg,brown_spot
200194.jpg,brown_spot
200347.jpg,brown_spot
202748.jpg,brown_spot
200028.jpg,brown_spot
202191.jpg,brown_spot
201003.jpg,brown_spot
203319.jpg,brown_spot
200985.jpg,brown_spot
201091.jpg,brown_spot
200406.jpg,brown_spot
201525.jpg,brown_spot
200547.jpg,brown_spot
201694.jpg,brown_spot
202081.jpg,brown_spot
200765.jpg,brown_spot
201436.jpg,brown_spot
202038.jpg,brown_spot
202277.jpg,brown_spot
201417.jpg,brown_spot
203080.jpg,brown_spot
202323.jpg,brown_spot
202363.jpg,brown_spot
203442.jpg,brown_spot
201234.jpg,brown_spot
202909.jpg,brown_spot
200839.jpg,brown_spot
202910.jpg,brown_spot
202757.jpg,brown_spot
203135.jpg,brown_spot
200384.jpg,brown_spot
202384.jpg,brown_spot
202860.jpg,brown_spot
201098.jpg,brown_spot
202325.jpg,brown_spot
201401.jpg,brown_spot
201711.jpg,brown_spot
201244.jpg,brown_spot
200894.jpg,brown_spot
200731.jpg,brown_spot
202937.jpg,brown_spot
201343.jpg,brown_spot
200603.jpg,brown_spot
200462.jpg,brown_spot
200292.jpg,brown_spot
202864.jpg,brown_spot
201333.jpg,brown_spot
201981.jpg,brown_spot
200580.jpg,brown_spot
202168.jpg,brown_spot
201871.jpg,brown_spot
202701.jpg,brown_spot
200661.jpg,brown_spot
201611.jpg,brown_spot
202063.jpg,brown_spot
203149.jpg,brown_spot
202483.jpg,brown_spot
201703.jpg,brown_spot
202676.jpg,brown_spot
202286.jpg,brown_spot
201791.jpg,brown_spot
201955.jpg,brown_spot
200741.jpg,brown_spot
200430.jpg,brown_spot
203394.jpg,brown_spot
202907.jpg,brown_spot
200420.jpg,brown_spot
201780.jpg,brown_spot
201467.jpg,brown_spot
202800.jpg,brown_spot
202409.jpg,brown_spot
200248.jpg,brown_spot
200530.jpg,brown_spot
201351.jpg,brown_spot
200595.jpg,brown_spot
200185.jpg,brown_spot
201283.jpg,brown_spot
202620.jpg,brown_spot
202646.jpg,brown_spot
203380.jpg,brown_spot
202776.jpg,brown_spot
201259.jpg,brown_spot
201739.jpg,brown_spot
200250.jpg,brown_spot
200759.jpg,brown_spot
202715.jpg,brown_spot
202941.jpg,brown_spot
202413.jpg,brown_spot
202523.jpg,brown_spot
200229.jpg,brown_spot
202185.jpg,brown_spot
200773.jpg,brown_spot
203254.jpg,brown_spot
201801.jpg,brown_spot
200621.jpg,brown_spot
200141.jpg,brown_spot
200353.jpg,brown_spot
201184.jpg,brown_spot
200375.jpg,brown_spot
203004.jpg,brown_spot
200808.jpg,brown_spot
203306.jpg,brown_spot
202557.jpg,brown_spot
203403.jpg,brown_spot
200174.jpg,brown_spot
200494.jpg,brown_spot
200995.jpg,brown_spot
201408.jpg,brown_spot
202326.jpg,brown_spot
202034.jpg,brown_spot
202271.jpg,brown_spot
203035.jpg,brown_spot
200639.jpg,brown_spot
200565.jpg,brown_spot
201751.jpg,brown_spot
202502.jpg,brown_spot
200324.jpg,brown_spot
200871.jpg,brown_spot
202625.jpg,brown_spot
202139.jpg,brown_spot
202514.jpg,brown_spot
201617.jpg,brown_spot
200680.jpg,brown_spot
200076.jpg,brown_spot
201174.jpg,brown_spot
200081.jpg,brown_spot
201410.jpg,brown_spot
200502.jpg,brown_spot
202721.jpg,brown_spot
200623.jpg,brown_spot
203014.jpg,brown_spot
202336.jpg,brown_spot
201445.jpg,brown_spot
202853.jpg,brown_spot
201102.jpg,brown_spot
203013.jpg,brown_spot
200279.jpg,brown_spot
200177.jpg,brown_spot
201522.jpg,brown_spot
200227.jpg,brown_spot
201380.jpg,brown_spot
202653.jpg,brown_spot
201940.jpg,brown_spot
203284.jpg,brown_spot
201044.jpg,brown_spot
203286.jpg,brown_spot
201219.jpg,brown_spot
200519.jpg,brown_spot
201588.jpg,brown_spot
200749.jpg,brown_spot
201565.jpg,brown_spot
202184.jpg,brown_spot
200857.jpg,brown_spot
200336.jpg,brown_spot
200887.jpg,brown_spot
201498.jpg,brown_spot
202666.jpg,brown_spot
200111.jpg,brown_spot
202433.jpg,brown_spot
200190.jpg,brown_spot
202730.jpg,brown_spot
200560.jpg,brown_spot
200551.jpg,brown_spot
200035.jpg,brown_spot
202150.jpg,brown_spot
200925.jpg,brown_spot
201530.jpg,brown_spot
200515.jpg,brown_spot
202004.jpg,brown_spot
202009.jpg,brown_spot
202385.jpg,brown_spot
200101.jpg,brown_spot
201815.jpg,brown_spot
203019.jpg,brown_spot
203134.jpg,brown_spot
200895.jpg,brown_spot
202408.jpg,brown_spot
200268.jpg,brown_spot
201154.jpg,brown_spot
203204.jpg,brown_spot
200440.jpg,brown_spot
201491.jpg,brown_spot
201100.jpg,brown_spot
201031.jpg,brown_spot
200374.jpg,brown_spot
200428.jpg,brown_spot
202638.jpg,brown_spot
200873.jpg,brown_spot
201406.jpg,brown_spot
201305.jpg,brown_spot
200740.jpg,brown_spot
203396.jpg,brown_spot
200521.jpg,brown_spot
202430.jpg,brown_spot
202718.jpg,brown_spot
200811.jpg,brown_spot
201631.jpg,brown_spot
202914.jpg,brown_spot
202724.jpg,brown_spot
200750.jpg,brown_spot
201938.jpg,brown_spot
200630.jpg,brown_spot
201442.jpg,brown_spot
202086.jpg,brown_spot
202722.jpg,brown_spot
203132.jpg,brown_spot
200751.jpg,brown_spot
202815.jpg,brown_spot
202291.jpg,brown_spot
201807.jpg,brown_spot
200830.jpg,brown_spot
200472.jpg,brown_spot
202251.jpg,brown_spot
200527.jpg,brown_spot
202996.jpg,brown_spot
202750.jpg,brown_spot
201475.jpg,brown_spot
200783.jpg,brown_spot
202723.jpg,brown_spot
201582.jpg,brown_spot
203191.jpg,brown_spot
202915.jpg,brown_spot
201982.jpg,brown_spot
202174.jpg,brown_spot
201054.jpg,brown_spot
202582.jpg,brown_spot
201168.jpg,brown_spot
202579.jpg,brown_spot
203256.jpg,brown_spot
200416.jpg,brown_spot
202601.jpg,brown_spot
202654.jpg,brown_spot
201285.jpg,brown_spot
202348.jpg,brown_spot
201725.jpg,brown_spot
200155.jpg,brown_spot
203302.jpg,brown_spot
202872.jpg,brown_spot
200977.jpg,brown_spot
200763.jpg,brown_spot
200909.jpg,brown_spot
201390.jpg,brown_spot
202817.jpg,brown_spot
202405.jpg,brown_spot
200975.jpg,brown_spot
201422.jpg,brown_spot
201196.jpg,brown_spot
201792.jpg,brown_spot
203451.jpg,brown_spot
202240.jpg,brown_spot
200394.jpg,brown_spot
200435.jpg,brown_spot
201956.jpg,brown_spot
200993.jpg,brown_spot
202535.jpg,brown_spot
202928.jpg,brown_spot
200966.jpg,brown_spot
203113.jpg,brown_spot
201782.jpg,brown_spot
201931.jpg,brown_spot
202740.jpg,brown_spot
201480.jpg,brown_spot
203072.jpg,brown_spot
202544.jpg,brown_spot
202616.jpg,brown_spot
203185.jpg,brown_spot
200701.jpg,brown_spot
200828.jpg,brown_spot
201829.jpg,brown_spot
200982.jpg,brown_spot
201549.jpg,brown_spot
200013.jpg,brown_spot
200683.jpg,brown_spot
200102.jpg,brown_spot
201886.jpg,brown_spot
203177.jpg,brown_spot
203364.jpg,brown_spot
200262.jpg,brown_spot
202957.jpg,brown_spot
201282.jpg,brown_spot
201457.jpg,brown_spot
200507.jpg,brown_spot
202698.jpg,brown_spot
202572.jpg,brown_spot
200392.jpg,brown_spot
200670.jpg,brown_spot
203002.jpg,brown_spot
200364.jpg,brown_spot
200448.jpg,brown_spot
201512.jpg,brown_spot
202181.jpg,brown_spot
203246.jpg,brown_spot
201548.jpg,brown_spot
202795.jpg,brown_spot
202003.jpg,brown_spot
202861.jpg,brown_spot
200529.jpg,brown_spot
203428.jpg,brown_spot
201626.jpg,brown_spot
200916.jpg,brown_spot
200699.jpg,brown_spot
202487.jpg,brown_spot
200487.jpg,brown_spot
201238.jpg,brown_spot
200228.jpg,brown_spot
201438.jpg,brown_spot
201692.jpg,brown_spot
202895.jpg,brown_spot
202054.jpg,brown_spot
200302.jpg,brown_spot
201028.jpg,brown_spot
203311.jpg,brown_spot
201068.jpg,brown_spot
202891.jpg,brown_spot
200357.jpg,brown_spot
202564.jpg,brown_spot
200992.jpg,brown_spot
202883.jpg,brown_spot
200786.jpg,brown_spot
201325.jpg,brown_spot
200553.jpg,brown_spot
203233.jpg,brown_spot
203061.jpg,brown_spot
202272.jpg,brown_spot
200705.jpg,brown_spot
201148.jpg,brown_spot
203173.jpg,brown_spot
200760.jpg,brown_spot
200012.jpg,brown_spot
202717.jpg,brown_spot
203289.jpg,brown_spot
200135.jpg,brown_spot
201455.jpg,brown_spot
201564.jpg,brown_spot
201273.jpg,brown_spot
202233.jpg,brown_spot
202008.jpg,brown_spot
200289.jpg,brown_spot
201295.jpg,brown_spot
203133.jpg,brown_spot
203397.jpg,brown_spot
201511.jpg,brown_spot
200524.jpg,brown_spot
202141.jpg,brown_spot
201010.jpg,brown_spot
201451.jpg,brown_spot
203447.jpg,brown_spot
201300.jpg,brown_spot
201326.jpg,brown_spot
202084.jpg,brown_spot
201635.jpg,brown_spot
200237.jpg,brown_spot
201771.jpg,brown_spot
202489.jpg,brown_spot
203128.jpg,brown_spot
203124.jpg,brown_spot
202302.jpg,brown_spot
203391.jpg,brown_spot
202675.jpg,brown_spot
202046.jpg,brown_spot
201945.jpg,brown_spot
202888.jpg,brown_spot
203235.jpg,brown_spot
201766.jpg,brown_spot
202769.jpg,brown_spot
201192.jpg,brown_spot
201182.jpg,brown_spot
200700.jpg,brown_spot
200189.jpg,brown_spot
202065.jpg,brown_spot
202201.jpg,brown_spot
200934.jpg,brown_spot
202494.jpg,brown_spot
202406.jpg,brown_spot
202090.jpg,brown_spot
203096.jpg,brown_spot
200340.jpg,brown_spot
202205.jpg,brown_spot
202998.jpg,brown_spot
202177.jpg,brown_spot
200466.jpg,brown_spot
200589.jpg,brown_spot
202128.jpg,brown_spot
202672.jpg,brown_spot
200352.jpg,brown_spot
201818.jpg,brown_spot
200356.jpg,brown_spot
201537.jpg,brown_spot
201267.jpg,brown_spot
201719.jpg,brown_spot
202123.jpg,brown_spot
200910.jpg,brown_spot
201165.jpg,brown_spot
200642.jpg,brown_spot
202838.jpg,brown_spot
201405.jpg,brown_spot
200145.jpg,brown_spot
202260.jpg,brown_spot
201983.jpg,brown_spot
203240.jpg,brown_spot
202359.jpg,brown_spot
203378.jpg,brown_spot
200314.jpg,brown_spot
202190.jpg,brown_spot
201909.jpg,brown_spot
201796.jpg,brown_spot
203466.jpg,brown_spot
201933.jpg,brown_spot
203195.jpg,brown_spot
201735.jpg,brown_spot
201787.jpg,brown_spot
202083.jpg,brown_spot
203165.jpg,brown_spot
200253.jpg,brown_spot
202127.jpg,brown_spot
201122.jpg,brown_spot
200690.jpg,brown_spot
200113.jpg,brown_spot
202452.jpg,brown_spot
200216.jpg,brown_spot
201623.jpg,brown_spot
201125.jpg,brown_spot
202176.jpg,brown_spot
200915.jpg,brown_spot
200868.jpg,brown_spot
200646.jpg,brown_spot
202982.jpg,brown_spot
200827.jpg,brown_spot
203418.jpg,brown_spot
201065.jpg,brown_spot
202994.jpg,brown_spot
203321.jpg,brown_spot
202747.jpg,brown_spot
201723.jpg,brown_spot
201921.jpg,brown_spot
200572.jpg,brown_spot
201429.jpg,brown_spot
200463.jpg,brown_spot
200205.jpg,brown_spot
202280.jpg,brown_spot
203439.jpg,brown_spot
200429.jpg,brown_spot
200281.jpg,brown_spot
200389.jpg,brown_spot
200559.jpg,brown_spot
201272.jpg,brown_spot
202438.jpg,brown_spot
202522.jpg,brown_spot
203126.jpg,brown_spot
200244.jpg,brown_spot
203367.jpg,brown_spot
202783.jpg,brown_spot
200238.jpg,brown_spot
200499.jpg,brown_spot
201707.jpg,brown_spot
201367.jpg,brown_spot
200907.jpg,brown_spot
201448.jpg,brown_spot
202812.jpg,brown_spot
200716.jpg,brown_spot
201252.jpg,brown_spot
200358.jpg,brown_spot
203166.jpg,brown_spot
202900.jpg,brown_spot
202211.jpg,brown_spot
203387.jpg,brown_spot
201280.jpg,brown_spot
203114.jpg,brown_spot
203012.jpg,brown_spot
202424.jpg,brown_spot
202455.jpg,brown_spot
201346.jpg,brown_spot
203232.jpg,brown_spot
201653.jpg,brown_spot
202665.jpg,brown_spot
202995.jpg,brown_spot
201180.jpg,brown_spot
200625.jpg,brown_spot
200585.jpg,brown_spot
201430.jpg,brown_spot
200984.jpg,brown_spot
200398.jpg,brown_spot
201162.jpg,brown_spot
202593.jpg,brown_spot
200792.jpg,brown_spot
202614.jpg,brown_spot
201531.jpg,brown_spot
203326.jpg,brown_spot
202640.jpg,brown_spot
202804.jpg,brown_spot
203467.jpg,brown_spot
200788.jpg,brown_spot
201856.jpg,brown_spot
201211.jpg,brown_spot
200932.jpg,brown_spot
202216.jpg,brown_spot
200322.jpg,brown_spot
200835.jpg,brown_spot
201307.jpg,brown_spot
203025.jpg,brown_spot
200348.jpg,brown_spot
202605.jpg,brown_spot
202651.jpg,brown_spot
201035.jpg,brown_spot
200106.jpg,brown_spot
203032.jpg,brown_spot
200187.jpg,brown_spot
201671.jpg,brown_spot
202813.jpg,brown_spot
200870.jpg,brown_spot
202266.jpg,brown_spot
203142.jpg,brown_spot
202407.jpg,brown_spot
203444.jpg,brown_spot
200944.jpg,brown_spot
202383.jpg,brown_spot
202011.jpg,brown_spot
201119.jpg,brown_spot
200609.jpg,brown_spot
201976.jpg,brown_spot
202641.jpg,brown_spot
203325.jpg,brown_spot
203016.jpg,brown_spot
202687.jpg,brown_spot
203121.jpg,brown_spot
203372.jpg,brown_spot
202699.jpg,brown_spot
201336.jpg,brown_spot
200449.jpg,brown_spot
201779.jpg,brown_spot
202072.jpg,brown_spot
203138.jpg,brown_spot
201411.jpg,brown_spot
202315.jpg,brown_spot
200622.jpg,brown_spot
200766.jpg,brown_spot
200204.jpg,brown_spot
201456.jpg,brown_spot
201345.jpg,brown_spot
202283.jpg,brown_spot
201027.jpg,brown_spot
203422.jpg,brown_spot
201686.jpg,brown_spot
202504.jpg,brown_spot
201587.jpg,brown_spot
202657.jpg,brown_spot
201506.jpg,brown_spot
200695.jpg,brown_spot
203222.jpg,brown_spot
202258.jpg,brown_spot
200325.jpg,brown_spot
201177.jpg,brown_spot
202823.jpg,brown_spot
203355.jpg,brown_spot
202226.jpg,brown_spot
201824.jpg,brown_spot
203210.jpg,brown_spot
200089.jpg,brown_spot
203332.jpg,brown_spot
201544.jpg,brown_spot
203164.jpg,brown_spot
202318.jpg,brown_spot
201849.jpg,brown_spot
200077.jpg,brown_spot
202731.jpg,brown_spot
201183.jpg,brown_spot
200239.jpg,brown_spot
201536.jpg,brown_spot
200299.jpg,brown_spot
202386.jpg,brown_spot
201738.jpg,brown_spot
201314.jpg,brown_spot
201742.jpg,brown_spot
201988.jpg,brown_spot
200052.jpg,brown_spot
200533.jpg,brown_spot
200267.jpg,brown_spot
203065.jpg,brown_spot
202098.jpg,brown_spot
200247.jpg,brown_spot
200675.jpg,brown_spot
203082.jpg,brown_spot
200391.jpg,brown_spot
202392.jpg,brown_spot
200026.jpg,brown_spot
200654.jpg,brown_spot
201142.jpg,brown_spot
201959.jpg,brown_spot
202394.jpg,brown_spot
200653.jpg,brown_spot
200591.jpg,brown_spot
203023.jpg,brown_spot
201647.jpg,brown_spot
200864.jpg,brown_spot
200643.jpg,brown_spot
203147.jpg,brown_spot
201962.jpg,brown_spot
200458.jpg,brown_spot
203329.jpg,brown_spot
201297.jpg,brown_spot
202652.jpg,brown_spot
201172.jpg,brown_spot
201853.jpg,brown_spot
200148.jpg,brown_spot
201461.jpg,brown_spot
201395.jpg,brown_spot
201460.jpg,brown_spot
202453.jpg,brown_spot
201562.jpg,brown_spot
203257.jpg,brown_spot
200802.jpg,brown_spot
200684.jpg,brown_spot
201657.jpg,brown_spot
203322.jpg,brown_spot
201009.jpg,brown_spot
201798.jpg,brown_spot
202951.jpg,brown_spot
203333.jpg,brown_spot
200610.jpg,brown_spot
202749.jpg,brown_spot
200407.jpg,brown_spot
202906.jpg,brown_spot
202263.jpg,brown_spot
203251.jpg,brown_spot
203272.jpg,brown_spot
200310.jpg,brown_spot
201398.jpg,brown_spot
200116.jpg,brown_spot
202114.jpg,brown_spot
201950.jpg,brown_spot
201223.jpg,brown_spot
201984.jpg,brown_spot
203118.jpg,brown_spot
203030.jpg,brown_spot
201454.jpg,brown_spot
203371.jpg,brown_spot
201083.jpg,brown_spot
200678.jpg,brown_spot
201437.jpg,brown_spot
202851.jpg,brown_spot
203334.jpg,brown_spot
200930.jpg,brown_spot
202908.jpg,brown_spot
200665.jpg,brown_spot
201721.jpg,brown_spot
202449.jpg,brown_spot
200096.jpg,brown_spot
201584.jpg,brown_spot
200354.jpg,brown_spot
203123.jpg,brown_spot
201532.jpg,brown_spot
202268.jpg,brown_spot
200034.jpg,brown_spot
201488.jpg,brown_spot
200140.jpg,brown_spot
202014.jpg,brown_spot
202236.jpg,brown_spot
202049.jpg,brown_spot
200277.jpg,brown_spot
202339.jpg,brown_spot
202305.jpg,brown_spot
201907.jpg,brown_spot
201206.jpg,brown_spot
201526.jpg,brown_spot
200163.jpg,brown_spot
201290.jpg,brown_spot
201396.jpg,brown_spot
201637.jpg,brown_spot
201640.jpg,brown_spot
200969.jpg,brown_spot
202938.jpg,brown_spot
201989.jpg,brown_spot
200663.jpg,brown_spot
203049.jpg,brown_spot
200320.jpg,brown_spot
200635.jpg,brown_spot
203303.jpg,brown_spot
201684.jpg,brown_spot
202156.jpg,brown_spot
200337.jpg,brown_spot
200245.jpg,brown_spot
203226.jpg,brown_spot
202552.jpg,brown_spot
202594.jpg,brown_spot
201966.jpg,brown_spot
202345.jpg,brown_spot
200139.jpg,brown_spot
200510.jpg,brown_spot
203462.jpg,brown_spot
202212.jpg,brown_spot
200088.jpg,brown_spot
200257.jpg,brown_spot
200225.jpg,brown_spot
200543.jpg,brown_spot
203033.jpg,brown_spot
201513.jpg,brown_spot
200078.jpg,brown_spot
200743.jpg,brown_spot
203357.jpg,brown_spot
202328.jpg,brown_spot
200266.jpg,brown_spot
203381.jpg,brown_spot
201785.jpg,brown_spot
201704.jpg,brown_spot
200955.jpg,brown_spot
200019.jpg,brown_spot
203028.jpg,brown_spot
200304.jpg,brown_spot
201518.jpg,brown_spot
201181.jpg,brown_spot
202024.jpg,brown_spot
203088.jpg,brown_spot
201524.jpg,brown_spot
201237.jpg,brown_spot
202203.jpg,brown_spot
202421.jpg,brown_spot
201677.jpg,brown_spot
202856.jpg,brown_spot
201053.jpg,brown_spot
201018.jpg,brown_spot
202793.jpg,brown_spot
202207.jpg,brown_spot
201517.jpg,brown_spot
201441.jpg,brown_spot
201823.jpg,brown_spot
202312.jpg,brown_spot
200905.jpg,brown_spot
202099.jpg,brown_spot
201176.jpg,brown_spot
203316.jpg,brown_spot
201462.jpg,brown_spot
200426.jpg,brown_spot
202213.jpg,brown_spot
202862.jpg,brown_spot
